WWTP name,Latitude,Longitude,Capacity (p.e),N kg/per year,country,province,nuts2_id,country_code
Aba Kistersegi-Szennyviztisztito Telep,47.010866,18.493945,11500,50370.0,Hungary,Közép-Dunántúl,HU21,Hungary
Abadszalok - Szennyviztisztito Telep,47.4274,20.580171,16085,70452.3,Hungary,Észak-Alföld,HU32,Hungary
Abaliget - Szennyviztisztito Telep,46.153831,18.086468,1760,7708.8,Hungary,Dél-Dunántúl,HU23,Hungary
Abaujszanto - Szennyviztisztito Telep,48.260042,21.178422,10542,46173.96,Hungary,Észak-Magyarország,HU31,Hungary
Abaujvar - Szennyviztisztito Telep,48.528179,21.313814,90,394.2,Hungary,Észak-Magyarország,HU31,Hungary
Abod - Szennyviztisztito Telep,48.393238,20.785159,200,876.0,Hungary,Észak-Magyarország,HU31,Hungary
Abony - Szennyviztisztito Telep,47.164083,20.003175,20942,91725.96,Hungary,Észak-Alföld,HU32,Hungary
Acs - Szennyviztisztito Telep,47.725314,18.015208,9770,42792.6,Hungary,Közép-Dunántúl,HU21,Hungary
Acsteszer - Szennyviztisztito Telep,47.415533,18.002699,750,3285.0,Hungary,Közép-Dunántúl,HU21,Hungary
Adacs - Szennyviztisztito Telep,47.691195,19.960906,8667,37961.46,Hungary,Észak-Magyarország,HU31,Hungary
Adand - Szennyviztisztito Telep,46.864058,18.166305,2300,10074.0,Hungary,Dél-Dunántúl,HU23,Hungary
Adony - Szennyviztisztito Telep,47.108956,18.869615,3960,17344.8,Hungary,Közép-Dunántúl,HU21,Hungary
Aggtelek - Szennyviztisztito Telep,48.461077,20.504494,1500,6570.0,Hungary,Észak-Magyarország,HU31,Hungary
Ajak - Szennyviztisztito Telep,48.184889,22.073953,4687,20529.06,Hungary,Észak-Alföld,HU32,Hungary
Ajka - Szennyviztisztito Telep,47.110545,17.544011,42800,187464.0,Hungary,Közép-Dunántúl,HU21,Hungary
Alattyan - Szennyviztisztito Telep,47.419107,20.040158,2500,10950.0,Hungary,Észak-Alföld,HU32,Hungary
Albertirsa - Szennyviztisztito Telep,47.236418,19.642912,12900,56502.0,Hungary,Pest,HU12,Hungary
Algyo - Szennyviztisztito Telep,46.31453,20.221334,12000,52560.0,Hungary,Dél-Alföld,HU33,Hungary
Almosd - Szennyviztisztito Telep,47.432824,21.973958,833,3648.54,Hungary,Észak-Alföld,HU32,Hungary
Alsoberecki - Szennyviztisztito Telep,48.353444,21.702025,1660,7270.8,Hungary,Észak-Magyarország,HU31,Hungary
Alsomocsolad - Szennyviztisztito Telep,46.312937,18.242914,250,1095.0,Hungary,Dél-Dunántúl,HU23,Hungary
Alsonemedi - Szennyviztisztito Telep,47.292286,19.166088,7430,32543.4,Hungary,Pest,HU12,Hungary
Alsovadasz - Szennyviztisztito Telep,48.239177,20.908836,1530,6701.4,Hungary,Észak-Magyarország,HU31,Hungary
Apagy - Szennyviztisztito Telep,47.963313,21.906007,6757,29595.66,Hungary,Észak-Alföld,HU32,Hungary
Apostag - Szennyviztisztito Telep,46.888815,18.955517,6875,30112.5,Hungary,Dél-Alföld,HU33,Hungary
Aranyosapati - Szennyviztisztito Telep,48.217993,22.252597,2077,9097.26,Hungary,Észak-Alföld,HU32,Hungary
Arlo - Szennyviztisztito Telep,48.18173,20.255277,3650,15987.0,Hungary,Észak-Magyarország,HU31,Hungary
Arokto - Szennyviztisztito Telep,47.72594,20.941353,192,840.96,Hungary,Észak-Alföld,HU32,Hungary
Asotthalom - Szennyviztisztito Telep,46.20349,19.792913,2460,10774.8,Hungary,Dél-Alföld,HU33,Hungary
Aszod - Szennyviztisztito Telep,47.64485,19.487169,22916,100372.08,Hungary,Pest,HU12,Hungary
Babolna - Szennyviztisztito Telep,47.643699,17.946992,5833,25548.54,Hungary,Közép-Dunántúl,HU21,Hungary
Bacsalmas - Szennyviztisztito Telep,46.113397,19.335454,7600,33288.0,Hungary,Dél-Alföld,HU33,Hungary
Bagamer - Szennyviztisztito Telep,47.439263,21.9929,2078,9101.64,Hungary,Észak-Alföld,HU32,Hungary
Baja - Szennyviztisztito Telep,46.181633,18.929021,111000,486180.0,Hungary,Dél-Alföld,HU33,Hungary
Bajansenye - Szennyviztisztito Telep,46.79206,16.411862,1350,5913.0,Hungary,Nyugat-Dunántúl,HU22,Hungary
Bakonybank - Szennyviztisztito Telep,47.460068,17.919789,2207,9666.66,Hungary,Közép-Dunántúl,HU21,Hungary
Bakonybel - Szennyviztisztito Telep,47.261057,17.717682,1000,4380.0,Hungary,Közép-Dunántúl,HU21,Hungary
Bakonycsernye - Szennyviztisztito Telep,47.322899,18.128808,3100,13578.0,Hungary,Közép-Dunántúl,HU21,Hungary
Bakonypeterd Szennyviztisztito Telep,47.4626,17.799045,287,1257.06,Hungary,Nyugat-Dunántúl,HU22,Hungary
Bakonyszentlaszlo - Szennyviztisztito Telep,47.398476,17.803949,2733,11970.54,Hungary,Nyugat-Dunántúl,HU22,Hungary
Bakonyszombathely - Szennyviztisztito Telep,47.497731,17.934879,2562,11221.56,Hungary,Közép-Dunántúl,HU21,Hungary
Baks - Szennyviztisztito Telep,46.557807,20.09589,2385,10446.3,Hungary,Dél-Alföld,HU33,Hungary
Baktaloranthaza - Szennyviztisztito Telep,48.001983,22.069804,4019,17603.22,Hungary,Észak-Alföld,HU32,Hungary
Balajt - Szennyviztisztito Telep,48.322377,20.782744,200,876.0,Hungary,Észak-Magyarország,HU31,Hungary
Balassagyarmat - Szennyviztisztito Telep,48.071605,19.267669,33750,147825.0,Hungary,Észak-Magyarország,HU31,Hungary
Balastya - Szennyviztisztito Telep,46.425669,20.014507,3678,16109.64,Hungary,Dél-Alföld,HU33,Hungary
Balatonfokajar - Szennyviztisztito Telep,47.005423,18.193816,29933,131106.54,Hungary,Közép-Dunántúl,HU21,Hungary
Bank - Szennyviztisztito Telep,47.922804,19.196811,890,3898.2,Hungary,Észak-Magyarország,HU31,Hungary
Balatonfured - Szennyviztisztito Telep,46.943083,17.870903,45883,200967.54,Hungary,Közép-Dunántúl,HU21,Hungary
Balatonfuzfo - Szennyviztisztito Telep,47.092312,18.047005,49174,215382.12,Hungary,Közép-Dunántúl,HU21,Hungary
Balatonlelle - Szennyviztisztito Telep,46.764211,17.708569,104000,455520.0,Hungary,Dél-Dunántúl,HU23,Hungary
Balkany - (Abapuszta nelkul) - Szennyviztisztito Telep,47.778376,21.869977,7236,31693.68,Hungary,Észak-Alföld,HU32,Hungary
Balmazujvaros - Szennyviztisztito Telep,47.603916,21.328357,17500,76650.0,Hungary,Észak-Alföld,HU32,Hungary
Bana - Szennyviztisztito Telep,47.644692,17.904906,5226,22889.88,Hungary,Közép-Dunántúl,HU21,Hungary
Baracska - Szennyviztisztito Telep,47.276325,18.776877,8142,35661.96,Hungary,Közép-Dunántúl,HU21,Hungary
Baranyahidveg Szennyviztisztito Telep,45.842581,18.031966,889,3893.82,Hungary,Dél-Dunántúl,HU23,Hungary
Barcs - Szennyviztisztito Telep,45.947725,17.488773,22500,98550.0,Hungary,Dél-Dunántúl,HU23,Hungary
Barlahida - Szennyviztisztito Telep,46.71414,16.694415,166,727.08,Hungary,Nyugat-Dunántúl,HU22,Hungary
Bataszek - Szennyviztisztito Telep,46.180735,18.720002,19820,86811.6,Hungary,Dél-Dunántúl,HU23,Hungary
Batonyterenye - Szennyviztisztito Telep,47.985915,19.816681,22500,98550.0,Hungary,Észak-Magyarország,HU31,Hungary
Bator - Szennyviztisztito Telep,47.978408,20.266614,1666,7297.08,Hungary,Észak-Magyarország,HU31,Hungary
Bazakerettye - Baza - Szennyviztisztito Telep,46.527478,16.756936,200,876.0,Hungary,Nyugat-Dunántúl,HU22,Hungary
Bazakerettye - Kerettye - Szennyviztisztito Telep,46.533994,16.732191,1030,4511.4,Hungary,Nyugat-Dunántúl,HU22,Hungary
Beb - Szennyviztisztito Telep,47.351087,17.611843,5844,25596.72,Hungary,Közép-Dunántúl,HU21,Hungary
Becsvolgye - Szennyviztisztito Telep,46.763008,16.6993,832,3644.16,Hungary,Nyugat-Dunántúl,HU22,Hungary
Bekes - Szennyviztisztito Telep,46.804314,21.118488,21500,94170.0,Hungary,Dél-Alföld,HU33,Hungary
Bekescsaba - Szennyviztisztito Telep,46.70947,21.10294,133333,583998.54,Hungary,Dél-Alföld,HU33,Hungary
Bekessamson - Szennyviztisztito Telep,46.431096,20.604851,2495,10928.1,Hungary,Dél-Alföld,HU33,Hungary
Bekesszentandras - Szennyviztisztito Telep,46.867743,20.459942,2670,11694.6,Hungary,Észak-Alföld,HU32,Hungary
Belapatfalva - Szennyviztisztito Telep,48.061442,20.337648,2900,12702.0,Hungary,Észak-Magyarország,HU31,Hungary
Belezna - Szennyviztisztito Telep,46.331991,16.943789,1000,4380.0,Hungary,Dél-Dunántúl,HU23,Hungary
Berekfurdo - Szennyviztisztito Telep,47.38216,20.860612,2277,9973.26,Hungary,Észak-Alföld,HU32,Hungary
Berettyoujfalu - Szennyviztisztito Telep,47.210112,21.543952,20000,87600.0,Hungary,Észak-Alföld,HU32,Hungary
Berhida - Szennyviztisztito Telep,47.118305,18.141195,9600,42048.0,Hungary,Közép-Dunántúl,HU21,Hungary
Bezenye - Szennyviztisztito Telep,47.966781,17.24794,13875,60772.5,Hungary,Nyugat-Dunántúl,HU22,Hungary
Biatorbagy - Szennyviztisztito Telep,47.449611,18.819745,26667,116801.46,Hungary,Pest,HU12,Hungary
Bicske - Szennyviztisztito Telep,47.490819,18.651648,20232,88616.16,Hungary,Közép-Dunántúl,HU21,Hungary
Biharkeresztes - Szennyviztisztito Telep,47.124237,21.729324,6500,28470.0,Hungary,Észak-Alföld,HU32,Hungary
Biharnagybajom - Szennyviztisztito Telep,47.218724,21.201129,5100,22338.0,Hungary,Észak-Alföld,HU32,Hungary
Bocs - Szennyviztisztito Telep,48.040555,20.984371,2700,11826.0,Hungary,Észak-Magyarország,HU31,Hungary
Bodajk - Szennyviztisztito Telep,47.332453,18.232414,7100,31098.0,Hungary,Közép-Dunántúl,HU21,Hungary
Bodorfa - Szennyviztisztito Telep,47.072803,17.335662,1934,8470.92,Hungary,Közép-Dunántúl,HU21,Hungary
Bogacs - Szennyviztisztito Telep,47.886305,20.539641,5696,24948.48,Hungary,Észak-Magyarország,HU31,Hungary
Bogote - Szennyviztisztito Telep,47.087574,17.040652,833,3648.54,Hungary,Nyugat-Dunántúl,HU22,Hungary
Bohonye - Szennyviztisztito Telep,46.410558,17.419557,2392,10476.96,Hungary,Dél-Dunántúl,HU23,Hungary
Bokony - Szennyviztisztito Telep,47.772312,21.744723,3250,14235.0,Hungary,Észak-Alföld,HU32,Hungary
Boldog - Szennyviztisztito Telep,47.591298,19.689889,3055,13380.9,Hungary,Észak-Alföld,HU32,Hungary
Boldva - Szennyviztisztito Telep,48.206873,20.795643,6025,26389.5,Hungary,Észak-Magyarország,HU31,Hungary
Boly - Szennyviztisztito Telep,45.963438,18.52941,12770,55932.6,Hungary,Dél-Dunántúl,HU23,Hungary
Bonyhad - Szennyviztisztito Telep,46.305933,18.53606,22921,100393.98,Hungary,Dél-Dunántúl,HU23,Hungary
Bonyhadvarasd - Szennyviztisztito Telep,46.363261,18.487836,667,2921.46,Hungary,Dél-Dunántúl,HU23,Hungary
Borsodbota - Szennyviztisztito Telep,48.220035,20.407778,4200,18396.0,Hungary,Észak-Magyarország,HU31,Hungary
Borsodnadasd - Szennyviztisztito Telep,48.135153,20.248638,3758,16460.04,Hungary,Észak-Magyarország,HU31,Hungary
Borszorcsok - Szennyviztisztito Telep,47.135262,17.401035,500,2190.0,Hungary,Közép-Dunántúl,HU21,Hungary
Borzavar - Szennyviztisztito Telep,47.290474,17.843208,1000,4380.0,Hungary,Közép-Dunántúl,HU21,Hungary
Bucsa - Szennyviztisztito Telep,47.214806,20.976189,2150,9417.0,Hungary,Dél-Alföld,HU33,Hungary
Budajeno - Szennyviztisztito Telep,47.555104,18.793973,3500,15330.0,Hungary,Pest,HU12,Hungary
Budakeszi - Szennyviztisztito Telep,47.474503,18.922363,25053,109732.14,Hungary,Pest,HU12,Hungary
Budapest (Csepel-Kp szvtp.) - Szennyviztisztito Telep,47.455671,19.066977,1633333,7153998.54,Hungary,Budapest,HU11,Hungary
Budapest (Del-Pest) - Szennyviztisztito Telep,47.421805,19.100211,293300,1284654.0,Hungary,Budapest,HU11,Hungary
Budapest (Eszak-Pest) - Szennyviztisztito Telep,47.571283,19.073586,1333333,5839998.54,Hungary,Budapest,HU11,Hungary
Bugac - Szennyviztisztito Telep,46.685125,19.714048,3550,15549.0,Hungary,Dél-Alföld,HU33,Hungary
Bugyi - Szennyviztisztito Telep,47.214089,19.18137,7269,31838.22,Hungary,Pest,HU12,Hungary
Bujak - Szennyviztisztito Telep,47.863889,19.568129,2192,9600.96,Hungary,Észak-Magyarország,HU31,Hungary
Buk - Szennyviztisztito Telep,47.368553,16.769328,17708,77561.04,Hungary,Nyugat-Dunántúl,HU22,Hungary
Bukkosd - Szennyviztisztito Telep,46.102895,17.999217,1179,5164.02,Hungary,Dél-Dunántúl,HU23,Hungary
Bukkszek - Szennyviztisztito Telep,47.980097,20.171411,550,2409.0,Hungary,Észak-Magyarország,HU31,Hungary
Cece agglomeracios - Szennyviztisztito Telep,46.771776,18.615406,2644,11580.72,Hungary,Közép-Dunántúl,HU21,Hungary
Cegled - Szennyviztisztito Telep,47.196609,19.7975,40625,177937.5,Hungary,Pest,HU12,Hungary
Cegledbercel - Szennyviztisztito Telep,47.20426,19.679729,4391,19232.58,Hungary,Pest,HU12,Hungary
Celldomolk - Szennyviztisztito Telep,47.266339,17.14235,12000,52560.0,Hungary,Közép-Dunántúl,HU21,Hungary
Davod - Szennyviztisztito Telep,45.998034,18.893664,2563,11225.94,Hungary,Dél-Alföld,HU33,Hungary
Chernelhazadamonya - Szennyviztisztito Telep,47.359821,16.856582,1600,7008.0,Hungary,Nyugat-Dunántúl,HU22,Hungary
Cibakhaza - Szennyviztisztito Telep,46.97811,20.171914,3400,14892.0,Hungary,Észak-Alföld,HU32,Hungary
Cigand - Szennyviztisztito Telep,48.250993,21.853307,6870,30090.6,Hungary,Észak-Alföld,HU32,Hungary
Csabacsud - Szennyviztisztito Telep,46.818156,20.647669,2200,9636.0,Hungary,Dél-Alföld,HU33,Hungary
Csabrendek - Szennyviztisztito Telep,47.012138,17.277743,5100,22338.0,Hungary,Közép-Dunántúl,HU21,Hungary
Csakvar - Szennyviztisztito Telep,47.384286,18.498508,5563,24365.94,Hungary,Közép-Dunántúl,HU21,Hungary
Dobogoko - Szennyviztisztito Telep,47.712583,18.899539,1000,4380.0,Hungary,Pest,HU12,Hungary
Csanadapaca - Szennyviztisztito Telep,46.552044,20.912231,2639,11558.82,Hungary,Dél-Alföld,HU33,Hungary
Csanadpalota - Szennyviztisztito Telep,46.227458,20.725419,3820,16731.6,Hungary,Dél-Alföld,HU33,Hungary
Csanytelek - Szennyviztisztito Telep,46.605343,20.127318,3787,16587.06,Hungary,Dél-Alföld,HU33,Hungary
Csapi - Szennyviztisztito Telep,46.526837,17.0931,370,1620.6,Hungary,Nyugat-Dunántúl,HU22,Hungary
Csehimindszent - Szennyviztisztito Telep,47.042801,16.954807,398,1743.24,Hungary,Nyugat-Dunántúl,HU22,Hungary
Csemo - Szennyviztisztito Telep,47.101977,19.685992,2925,12811.5,Hungary,Pest,HU12,Hungary
Csengod - Szennyviztisztito Telep,46.706588,19.250598,6000,26280.0,Hungary,Dél-Alföld,HU33,Hungary
Csep Szennyviztisztito Telep,47.57229,18.068932,2744,12018.72,Hungary,Közép-Dunántúl,HU21,Hungary
Csepreg - Szennyviztisztito Telep,47.395195,16.718065,7251,31759.38,Hungary,Nyugat-Dunántúl,HU22,Hungary
Cserhathalap - Szennyviztisztito Telep,47.982005,19.362597,3833,16788.54,Hungary,Észak-Magyarország,HU31,Hungary
Cserkeszolo - Szennyviztisztito Telep,46.856589,20.210114,2686,11764.68,Hungary,Észak-Alföld,HU32,Hungary
Csikostottos - Szennyviztisztito Telep,46.349543,18.155139,890,3898.2,Hungary,Dél-Dunántúl,HU23,Hungary
Csolnok - Szennyviztisztito Telep,47.683468,18.710412,2750,12045.0,Hungary,Közép-Dunántúl,HU21,Hungary
Csomor - Szennyviztisztito Telep,47.55043,19.215376,12729,55753.02,Hungary,Pest,HU12,Hungary
Csongrad - Szennyviztisztito Telep,46.712956,20.185158,22933,100446.54,Hungary,Dél-Alföld,HU33,Hungary
Csorna - Szennyviztisztito Telep,47.62101,17.274873,29822,130620.36,Hungary,Nyugat-Dunántúl,HU22,Hungary
Csorvas - Szennyviztisztito Telep,46.653062,20.840806,5000,21900.0,Hungary,Dél-Alföld,HU33,Hungary
Csurgo - Szennyviztisztito Telep,46.244225,17.096067,11367,49787.46,Hungary,Dél-Dunántúl,HU23,Hungary
Dabas - Szennyviztisztito Telep,47.201746,19.326754,13175,57706.5,Hungary,Pest,HU12,Hungary
Dag - Szennyviztisztito Telep,47.654856,18.7148,688,3013.44,Hungary,Közép-Dunántúl,HU21,Hungary
Dany - Szennyviztisztito Telep,47.50923,19.542698,5317,23288.46,Hungary,Pest,HU12,Hungary
Debrecen - Szennyviztisztito Telep,47.502616,21.597194,675000,2956500.0,Hungary,Észak-Alföld,HU32,Hungary
Decs - Szennyviztisztito Telep,46.302241,18.758206,8189,35867.82,Hungary,Dél-Dunántúl,HU23,Hungary
Dejtar - Szennyviztisztito Telep,48.044933,19.146797,2000,8760.0,Hungary,Észak-Magyarország,HU31,Hungary
Demecser - Szennyviztisztito Telep,48.115891,21.937536,13750,60225.0,Hungary,Észak-Alföld,HU32,Hungary
Derecske - Szennyviztisztito Telep,47.344912,21.542288,10000,43800.0,Hungary,Észak-Alföld,HU32,Hungary
Derekegyhaz - Szennyviztisztito Telep,46.562986,20.344934,1692,7410.96,Hungary,Dél-Alföld,HU33,Hungary
Detek - Szennyviztisztito Telep,48.331809,21.013081,670,2934.6,Hungary,Észak-Magyarország,HU31,Hungary
Detk - Szennyvitisztito Telep,47.739126,20.108221,2100,9198.0,Hungary,Észak-Magyarország,HU31,Hungary
Devavanya - Szennyviztisztito Telep,47.011873,20.969302,6100,26718.0,Hungary,Dél-Alföld,HU33,Hungary
Devecser Szennyviztisztito Telep,47.113627,17.416591,5000,21900.0,Hungary,Közép-Dunántúl,HU21,Hungary
Doba - Szennyviztisztito Telep,47.169395,17.386648,696,3048.48,Hungary,Közép-Dunántúl,HU21,Hungary
Doboz - Szennyviztisztito Telep,46.746328,21.21884,4625,20257.5,Hungary,Dél-Alföld,HU33,Hungary
Doge - Szennyviztisztito Telep,48.249967,22.067621,6717,29420.46,Hungary,Észak-Alföld,HU32,Hungary
Domahaza - Szennyviztisztito Telep,48.191878,20.108294,520,2277.6,Hungary,Észak-Magyarország,HU31,Hungary
Dombovar - Szennyviztisztito Telep,46.378569,18.163266,27865,122048.7,Hungary,Dél-Dunántúl,HU23,Hungary
Dombrad - Szennyviztisztito Telep,48.239588,21.905924,5700,24966.0,Hungary,Észak-Alföld,HU32,Hungary
Domoszlo - Szennyviztisztito Telep,47.828736,20.146149,2108,9233.04,Hungary,Észak-Magyarország,HU31,Hungary
Dorog - Szennyviztisztito Telep,47.742424,18.713687,19667,86141.46,Hungary,Közép-Dunántúl,HU21,Hungary
Dravacsepely - Szennyviztisztito Telep,45.839568,18.130739,222,972.36,Hungary,Dél-Dunántúl,HU23,Hungary
Dubicsany - Szennyviztisztito Telep,48.281079,20.489727,200,876.0,Hungary,Észak-Magyarország,HU31,Hungary
Dudar - Szennyviztisztito Telep,47.310497,17.957352,6920,30309.6,Hungary,Közép-Dunántúl,HU21,Hungary
Dunaalmas (Almasfuzito) - Szennyviztisztito Telep,47.726309,18.310067,5089,22289.82,Hungary,Közép-Dunántúl,HU21,Hungary
Dunaharaszti - Szennyviztisztito Telep,47.325399,19.097085,40074,175524.12,Hungary,Pest,HU12,Hungary
Dunakeszi - Szennyviztisztito Telep,47.614189,19.129151,82500,361350.0,Hungary,Pest,HU12,Hungary
Dunaszekcso - Szennyviztisztito Telep,46.065571,18.741035,3750,16425.0,Hungary,Dél-Dunántúl,HU23,Hungary
Dunaujvaros - Szennyviztisztito Telep,46.951412,18.957928,75000,328500.0,Hungary,Dél-Alföld,HU33,Hungary
Dunavarsany - Szennyviztisztito Telep,47.295669,19.059307,35244,154368.72,Hungary,Pest,HU12,Hungary
Ecs - Szennyviztisztito Telep,47.562384,17.722387,21826,95597.88,Hungary,Nyugat-Dunántúl,HU22,Hungary
Edeleny - Szennyviztisztito Telep,48.286764,20.741333,7125,31207.5,Hungary,Észak-Magyarország,HU31,Hungary
Eger - Szennyviztisztito Telep,47.869731,20.396505,83400,365292.0,Hungary,Észak-Magyarország,HU31,Hungary
Egercsehi - Szennyviztisztito Telep,48.043354,20.268424,1233,5400.54,Hungary,Észak-Magyarország,HU31,Hungary
Egyek - Szennyviztisztito Telep,47.627804,20.917122,5880,25754.4,Hungary,Észak-Alföld,HU32,Hungary
Egyhazashetye - Szennyviztisztito Telep,47.172013,17.126935,4167,18251.46,Hungary,Közép-Dunántúl,HU21,Hungary
Egyhazaskozar - Szennyviztisztito Telep,46.327421,18.327996,837,3666.06,Hungary,Dél-Dunántúl,HU23,Hungary
Egyhazasradoc - Szennyviztisztito Telep,47.074346,16.628794,1500,6570.0,Hungary,Nyugat-Dunántúl,HU22,Hungary
Elek - Szennyviztisztito Telep,46.538708,21.26767,5100,22338.0,Hungary,Dél-Alföld,HU33,Hungary
Eloszallas - Szennyviztisztito Telep,46.833,18.844942,2445,10709.1,Hungary,Közép-Dunántúl,HU21,Hungary
Emod - Szennyviztisztito Telep,47.936221,20.836186,9420,41259.6,Hungary,Észak-Magyarország,HU31,Hungary
Encs - Szennyviztisztito Telep,48.323693,21.130452,8803,38557.14,Hungary,Észak-Magyarország,HU31,Hungary
Encsencs - Szennyviztisztito Telep,47.751819,22.129255,6007,26310.66,Hungary,Észak-Alföld,HU32,Hungary
Enying agglomeracios - Szennyviztisztito Telep,46.904003,18.257497,7600,33288.0,Hungary,Közép-Dunántúl,HU21,Hungary
Epleny - Szennyviztisztito Telep,47.201145,17.918845,600,2628.0,Hungary,Közép-Dunántúl,HU21,Hungary
Epol - Szennyviztisztito Telep,47.652365,18.641857,3500,15330.0,Hungary,Közép-Dunántúl,HU21,Hungary
Ercsi-Also Sinatelep - Szennyviztisztito Telep,47.177213,18.857042,330,1445.4,Hungary,Közép-Dunántúl,HU21,Hungary
Ercsi-Sinatelep - Szennyviztisztito Telep,47.178335,18.862249,183,801.54,Hungary,Közép-Dunántúl,HU21,Hungary
Ercsi - Szennyviztisztito Telep,47.239233,18.893937,8946,39183.48,Hungary,Pest,HU12,Hungary
Erd - Szennyviztisztito Telep,47.372759,18.935919,145733,638310.54,Hungary,Pest,HU12,Hungary
Erdotelek - Szennyviztisztito Telep,47.680108,20.337932,3533,15474.54,Hungary,Észak-Magyarország,HU31,Hungary
Ersekvadkert - Szennyviztisztito Telep,47.988209,19.224823,5000,21900.0,Hungary,Észak-Magyarország,HU31,Hungary
Esztergalyhorvati - Szennyviztisztito Telep,46.701184,17.111535,625,2737.5,Hungary,Nyugat-Dunántúl,HU22,Hungary
Etyek - Szennyviztisztito Telep,47.462,18.729231,8334,36502.92,Hungary,Közép-Dunántúl,HU21,Hungary
Fabiansebestyen - Szennyviztisztito Telep,46.681983,20.439347,2346,10275.48,Hungary,Dél-Alföld,HU33,Hungary
Fajsz - Szennyviztisztito Telep,46.427174,18.914856,6260,27418.8,Hungary,Dél-Alföld,HU33,Hungary
Fegyvernek - Szennyviztisztito Telep,47.250895,20.493886,7627,33406.26,Hungary,Észak-Alföld,HU32,Hungary
Kirald - Szennyviztisztito Telep,48.245976,20.383153,1250,5475.0,Hungary,Észak-Magyarország,HU31,Hungary
Fehergyarmat - Szennyviztisztito Telep,47.999147,22.520169,14689,64337.82,Hungary,Észak-Alföld,HU32,Hungary
Fehervarcsurgo - Szennyviztisztito Telep,47.281372,18.285605,2000,8760.0,Hungary,Közép-Dunántúl,HU21,Hungary
Felsovadasz - Szennyviztisztito Telep,48.368672,20.917094,400,1752.0,Hungary,Észak-Magyarország,HU31,Hungary
Fertoendred - Szennyviztisztito Telep,47.618121,16.91983,20977,91879.26,Hungary,Nyugat-Dunántúl,HU22,Hungary
Foldes - Szennyviztisztito Telep,47.300219,21.367004,3675,16096.5,Hungary,Észak-Alföld,HU32,Hungary
Forraskut - Szennyviztisztito Telep,46.340307,19.907588,11750,51465.0,Hungary,Dél-Alföld,HU33,Hungary
Fulopszallas - Szennyviztisztito Telep,46.808364,19.242676,4480,19622.4,Hungary,Dél-Alföld,HU33,Hungary
Fuzesabony - Szennyviztisztito Telep,47.733512,20.421004,12000,52560.0,Hungary,Észak-Magyarország,HU31,Hungary
Fuzesgyarmat - Szennyviztisztito Telep,47.107867,21.197263,6850,30003.0,Hungary,Észak-Alföld,HU32,Hungary
Gadoros - Szennyviztisztito Telep,46.67298,20.611284,3500,15330.0,Hungary,Dél-Alföld,HU33,Hungary
Galgaguta Uj - Szennyviztisztito Telep,47.830876,19.394877,6628,29030.64,Hungary,Észak-Magyarország,HU31,Hungary
Gara - Szennyviztisztito Telep,46.021568,19.045658,2596,11370.48,Hungary,Dél-Alföld,HU33,Hungary
Garab - Szennyviztisztito Telep,47.978861,19.636227,150,657.0,Hungary,Észak-Magyarország,HU31,Hungary
Gardony - Szennyviztisztito Telep,47.18272,18.585046,86333,378138.54,Hungary,Közép-Dunántúl,HU21,Hungary
Gavavencsello Uj - Szennyviztisztito Telep,48.167354,21.59637,4319,18917.22,Hungary,Észak-Magyarország,HU31,Hungary
Gellenhaza - Szennyviztisztito Telep,46.760379,16.788657,2200,9636.0,Hungary,Nyugat-Dunántúl,HU22,Hungary
Gelse - Szennyviztisztito Telep,46.604001,16.975072,500,2190.0,Hungary,Nyugat-Dunántúl,HU22,Hungary
Gelsesziget - Szennyviztisztito Telep,46.569902,16.984751,91,398.58,Hungary,Nyugat-Dunántúl,HU22,Hungary
Geresdlak - Szennyviztisztito Telep,46.105196,18.535012,800,3504.0,Hungary,Dél-Dunántúl,HU23,Hungary
Gersekarat - Szennyviztisztito Telep,46.961847,16.764749,1000,4380.0,Hungary,Nyugat-Dunántúl,HU22,Hungary
Godollo - Szennyviztisztito Telep,47.5773,19.358397,60000,262800.0,Hungary,Pest,HU12,Hungary
Gomorszolos - Szennyviztisztito Telep,48.36946,20.427739,50,219.0,Hungary,Észak-Magyarország,HU31,Hungary
Gonc - Szennyviztisztito Telep,48.467696,21.265907,1900,8322.0,Hungary,Észak-Magyarország,HU31,Hungary
Gorbehaza - Szennyviztisztito Telep,47.8276,21.211924,2640,11563.2,Hungary,Észak-Alföld,HU32,Hungary
Gorcsony-Szennyviztisztito Telep,45.965405,18.136387,348,1524.24,Hungary,Dél-Dunántúl,HU23,Hungary
Gutorfolde - Szennyviztisztito Telep,46.651464,16.737072,1200,5256.0,Hungary,Nyugat-Dunántúl,HU22,Hungary
Gyarmat Szennyviztisztito Telep,47.452215,17.479979,1375,6022.5,Hungary,Nyugat-Dunántúl,HU22,Hungary
Gyermely - Szennyviztisztito Telep,47.613161,18.63964,2033,8904.54,Hungary,Közép-Dunántúl,HU21,Hungary
Gyomaendrod - Szennyviztisztito Telep,46.923951,20.756303,16846,73785.48,Hungary,Dél-Alföld,HU33,Hungary
Gyomro - Szennyviztisztito Telep,47.404587,19.377248,32000,140160.0,Hungary,Pest,HU12,Hungary
Gyongyos - Szennyviztisztito Telep,47.760587,19.908436,99333,435078.54,Hungary,Észak-Magyarország,HU31,Hungary
Gyongyosoroszi - Karolytaro - Szennyviztisztito Telep,47.866824,19.870201,137,600.06,Hungary,Észak-Magyarország,HU31,Hungary
Gyongyospata - Szennyviztisztito Telep,47.803266,19.799802,1208,5291.04,Hungary,Észak-Magyarország,HU31,Hungary
Gyongyostarjan - Szennyviztisztito Telep,47.799744,19.885119,1666,7297.08,Hungary,Észak-Magyarország,HU31,Hungary
Gyonk - Szennyviztisztito Telep,46.542263,18.491638,1297,5680.86,Hungary,Dél-Dunántúl,HU23,Hungary
Gyor - Szennyviztisztito Telep,47.729906,17.685262,375000,1642500.0,Hungary,Nyugat-Dunántúl,HU22,Hungary
Gyorsovenyhaz - Szennyviztisztito Telep,47.703778,17.373259,858,3758.04,Hungary,Nyugat-Dunántúl,HU22,Hungary
Gyula - Szennyviztisztito Telep,46.624089,21.268091,104000,455520.0,Hungary,Dél-Alföld,HU33,Hungary
Gyulahaza - Szennyviztisztito Telep,48.137659,22.099857,6250,27375.0,Hungary,Észak-Alföld,HU32,Hungary
Hahot - Szennyviztisztito Telep,46.642939,16.92946,500,2190.0,Hungary,Nyugat-Dunántúl,HU22,Hungary
Hajduboszormeny - Szennyviztisztito Telep,47.676946,21.485494,63500,278130.0,Hungary,Észak-Alföld,HU32,Hungary
Hajduhadhaz - Szennyviztisztito Telep,47.69132,21.658238,19265,84380.7,Hungary,Észak-Alföld,HU32,Hungary
Hajdunanas - Szennyviztisztito Telep,47.821827,21.406308,21000,91980.0,Hungary,Észak-Alföld,HU32,Hungary
Hajduszoboszlo - Szennyviztisztito Telep,47.428253,21.371137,35783,156729.54,Hungary,Észak-Alföld,HU32,Hungary
Patyod - Szennyviztisztito Telep,47.867061,22.638561,500,2190.0,Hungary,Észak-Alföld,HU32,Hungary
Hajduszovat - Szennyviztisztito Telep,47.395279,21.48789,2542,11133.96,Hungary,Észak-Alföld,HU32,Hungary
Hajos - Szennyviztisztito Telep,46.396526,19.151515,6600,28908.0,Hungary,Dél-Alföld,HU33,Hungary
Halmaj - Szennyviztisztito Telep,48.238317,21.00826,7000,30660.0,Hungary,Észak-Magyarország,HU31,Hungary
Halmajugra - Szennyviztisztito Telep,47.756199,20.062941,1150,5037.0,Hungary,Észak-Magyarország,HU31,Hungary
Harc-Szennyviztisztito Telep,46.397675,18.626807,755,3306.9,Hungary,Dél-Dunántúl,HU23,Hungary
Harkany - Szennyviztisztito Telep,45.840768,18.233136,13333,58398.54,Hungary,Dél-Dunántúl,HU23,Hungary
Harskut - Szennyviztisztito Telep,47.188507,17.793194,530,2321.4,Hungary,Közép-Dunántúl,HU21,Hungary
Harta - Szennyviztisztito Telep,46.684444,19.018067,8574,37554.12,Hungary,Dél-Alföld,HU33,Hungary
Hatvan - Szennyviztisztito Telep,47.66112,19.680952,32667,143081.46,Hungary,Észak-Magyarország,HU31,Hungary
Hedervar - Szennyviztisztito Telep,47.821453,17.457449,12000,52560.0,Hungary,Nyugat-Dunántúl,HU22,Hungary
Hegyesd - Szennyviztisztito Telep,46.905986,17.519577,2895,12680.1,Hungary,Közép-Dunántúl,HU21,Hungary
Hegyeshalom - Szennyviztisztito Telep,47.916971,17.171099,8400,36792.0,Hungary,Nyugat-Dunántúl,HU22,Hungary
Hegyhathodasz Szennyviztisztito Telep,46.9333,16.660984,180,788.4,Hungary,Nyugat-Dunántúl,HU22,Hungary
Hegyhatszentjakab - Szennyviztisztito Telep,46.859105,16.549548,700,3066.0,Hungary,Nyugat-Dunántúl,HU22,Hungary
Hegymagas - Szennyviztisztito Telep,46.830465,17.428059,652,2855.76,Hungary,Közép-Dunántúl,HU21,Hungary
Hegymeg - Szennyviztisztito Telep,48.329462,20.863823,50,219.0,Hungary,Észak-Magyarország,HU31,Hungary
Hehalom - Szennyviztisztito Telep,47.765913,19.580842,5200,22776.0,Hungary,Észak-Magyarország,HU31,Hungary
Herceghalom - Szennyviztisztito Telep,47.498294,18.759936,6250,27375.0,Hungary,Pest,HU12,Hungary
Hercegszanto - Szennyviztisztito Telep,45.935455,18.951498,2086,9136.68,Hungary,Dél-Alföld,HU33,Hungary
Hered Uj - Szennyviztisztito telep,47.695127,19.629604,2749,12040.62,Hungary,Észak-Magyarország,HU31,Hungary
Hereg - Szennyviztisztito Telep,47.639538,18.520878,408,1787.04,Hungary,Közép-Dunántúl,HU21,Hungary
Herend - Szennyviztisztito Telep,47.128305,17.758815,7100,31098.0,Hungary,Közép-Dunántúl,HU21,Hungary
Hernadszentandras - Szennyviztisztito Telep,48.293997,21.084594,5400,23652.0,Hungary,Észak-Magyarország,HU31,Hungary
Hetes - Szennyviztisztito Telep,46.415336,17.700282,2000,8760.0,Hungary,Dél-Dunántúl,HU23,Hungary
Hetvehely - Szennyviztisztito Telep,46.123626,18.028876,725,3175.5,Hungary,Dél-Dunántúl,HU23,Hungary
Heves - Szennyviztisztito Telep,47.581815,20.283845,10812,47356.56,Hungary,Észak-Magyarország,HU31,Hungary
Hidasnemeti - Szennyviztisztito Telep,48.494658,21.219306,2139,9368.82,Hungary,Észak-Magyarország,HU31,Hungary
Himeshaza - Szennyviztisztito Telep,46.085909,18.585161,3708,16241.04,Hungary,Dél-Dunántúl,HU23,Hungary
Hodasz - Szennyviztisztito Telep,47.903338,22.220877,2462,10783.56,Hungary,Észak-Alföld,HU32,Hungary
Hodmezovasarhely - Szennyviztisztito Telep,46.406565,20.330927,66200,289956.0,Hungary,Dél-Alföld,HU33,Hungary
Hogyesz - Szennyviztisztito Telep,46.490689,18.439398,3350,14673.0,Hungary,Dél-Dunántúl,HU23,Hungary
Hollohaza-Gyartelepi - Szennyviztisztito Telep,48.527203,21.431571,250,1095.0,Hungary,Észak-Magyarország,HU31,Hungary
Hollohaza-Lakotelepi - Szennyviztisztito Telep,48.531849,21.416833,104,455.52,Hungary,Észak-Magyarország,HU31,Hungary
Homrogd Szennyviztisztito Telep,48.278448,20.908632,1000,4380.0,Hungary,Észak-Magyarország,HU31,Hungary
Horpacs - Szennyviztisztito Telep,47.999336,19.132116,2750,12045.0,Hungary,Észak-Magyarország,HU31,Hungary
Hort - Szennyviztisztito Telep,47.689709,19.809396,1666,7297.08,Hungary,Észak-Magyarország,HU31,Hungary
Hortobagy - Szennyviztisztito Telep,47.575292,21.156029,2205,9657.9,Hungary,Észak-Alföld,HU32,Hungary
Hosszuheteny - Szennyviztisztito Telep,46.144824,18.346379,5161,22605.18,Hungary,Dél-Dunántúl,HU23,Hungary
Hosszupalyi - Szennyviztisztito Telep,47.378972,21.72351,10121,44329.98,Hungary,Észak-Alföld,HU32,Hungary
Hunyadfalva - Szennyviztisztito Telep,47.305554,20.362143,5687,24909.06,Hungary,Észak-Alföld,HU32,Hungary
Ibrany - Szennyviztisztito Telep,48.122181,21.729426,12243,53624.34,Hungary,Észak-Alföld,HU32,Hungary
Igal - Szennyviztisztito Telep,46.52015,17.941861,1600,7008.0,Hungary,Dél-Dunántúl,HU23,Hungary
Imola - Szennyviztisztito Telep,48.416375,20.558122,50,219.0,Hungary,Észak-Magyarország,HU31,Hungary
Iregszemcse - Szennyviztisztito Telep,46.684489,18.193136,2700,11826.0,Hungary,Dél-Dunántúl,HU23,Hungary
Isaszeg - Szennyviztisztito Telep,47.526936,19.369524,13333,58398.54,Hungary,Pest,HU12,Hungary
Ivanc - Szennyviztisztito Telep,46.948477,16.509263,2875,12592.5,Hungary,Nyugat-Dunántúl,HU22,Hungary
Ivancsa - Szennyviztisztito Telep,47.136595,18.830573,5200,22776.0,Hungary,Közép-Dunántúl,HU21,Hungary
Izsak - Szennyviztisztito Telep,46.817397,19.342985,12813,56120.94,Hungary,Dél-Alföld,HU33,Hungary
Jak - Szennyviztisztito Telep,47.148229,16.597115,1167,5111.46,Hungary,Nyugat-Dunántúl,HU22,Hungary
Jakabszallas - Szennyviztisztito Telep,46.764353,19.62154,2199,9631.62,Hungary,Dél-Alföld,HU33,Hungary
Janoshalma Uj - Szennyviztisztito Telep,46.285702,19.321114,9833,43068.54,Hungary,Dél-Alföld,HU33,Hungary
Janoshaza - Szennyviztisztito Telep,47.12796,17.1637,4505,19731.9,Hungary,Közép-Dunántúl,HU21,Hungary
Jaszdozsa - Szennyviztisztito Telep,47.562999,20.00063,2000,8760.0,Hungary,Észak-Alföld,HU32,Hungary
Janoshida - Szennyviztisztito Telep,47.392423,20.045214,2850,12483.0,Hungary,Észak-Alföld,HU32,Hungary
Janossomorja - Szennyviztisztito Telep,47.799847,17.173947,8750,38325.0,Hungary,Nyugat-Dunántúl,HU22,Hungary
Jasd - Szennyviztisztito Telep,47.284713,18.038022,750,3285.0,Hungary,Közép-Dunántúl,HU21,Hungary
Jaszapati - Szennyviztisztito Telep,47.463806,20.155397,19280,84446.4,Hungary,Észak-Alföld,HU32,Hungary
Jaszarokszallas - Szennyviztisztito Telep,47.628834,19.976353,14600,63948.0,Hungary,Észak-Alföld,HU32,Hungary
Jaszbereny - Szennyviztisztito Telep,47.491908,19.942765,48267,211409.46,Hungary,Észak-Alföld,HU32,Hungary
Jaszfenyszaru - Szennyviztisztito Telep,47.562448,19.711748,9803,42937.14,Hungary,Észak-Alföld,HU32,Hungary
Jaszkarajeno - Szennyviztisztito Telep,47.041367,20.098205,2707,11856.66,Hungary,Észak-Alföld,HU32,Hungary
Jaszladany - Szennyviztisztito Telep,47.366584,20.12741,4400,19272.0,Hungary,Észak-Alföld,HU32,Hungary
Jaszszentlaszlo - Szennyviztisztito Telep,46.569921,19.772072,2585,11322.3,Hungary,Dél-Alföld,HU33,Hungary
Jasztelek - Szennyviztisztito Telep,47.488408,19.985172,1720,7533.6,Hungary,Észak-Alföld,HU32,Hungary
Juta - Szennyviztisztito Telep,46.400402,17.736573,1700,7446.0,Hungary,Dél-Dunántúl,HU23,Hungary
Kaba-Cukorgyar - Szennyviztisztito Telep,47.344827,21.251039,1458,6386.04,Hungary,Észak-Alföld,HU32,Hungary
Kaba - Szennyviztisztito Telep,47.346047,21.253338,8667,37961.46,Hungary,Észak-Alföld,HU32,Hungary
Kacorlak - Szennyviztisztito Telep,46.578831,16.949918,169,740.22,Hungary,Nyugat-Dunántúl,HU22,Hungary
Kacsota - Szennyviztisztito Telep,46.039803,17.948364,293,1283.34,Hungary,Dél-Dunántúl,HU23,Hungary
Kadarkut - Szennyviztisztito Telep,46.207512,17.610972,2895,12680.1,Hungary,Dél-Dunántúl,HU23,Hungary
Kal - Szennyviztisztito Telep,47.723091,20.245884,10000,43800.0,Hungary,Észak-Magyarország,HU31,Hungary
Kallosemjen - Szennyviztisztito Telep,47.868238,21.916677,4403,19285.14,Hungary,Észak-Alföld,HU32,Hungary
Kalocsa - Szennyviztisztito Telep,46.512768,18.984753,41573,182089.74,Hungary,Dél-Alföld,HU33,Hungary
Kam - Szennyviztisztito Telep,47.110886,16.883723,472,2067.36,Hungary,Nyugat-Dunántúl,HU22,Hungary
Kanyavar - Szennyviztisztito telep,46.575802,16.676942,120,525.6,Hungary,Nyugat-Dunántúl,HU22,Hungary
Kaposmero - Szennyviztisztito Telep,46.356452,17.711846,2800,12264.0,Hungary,Dél-Dunántúl,HU23,Hungary
Kaposszekcso - Szennyviztisztito Telep,46.321797,18.148901,4017,17594.46,Hungary,Dél-Dunántúl,HU23,Hungary
Kaposvar - Szennyviztisztito Telep,46.362713,17.874002,131050,573999.0,Hungary,Dél-Dunántúl,HU23,Hungary
Kapuvar - Szennyviztisztito Telep,47.607727,17.041111,46166,202207.08,Hungary,Nyugat-Dunántúl,HU22,Hungary
Karacsond - Szennyviztisztito Telep,47.716711,20.040081,3208,14051.04,Hungary,Észak-Magyarország,HU31,Hungary
Karad - Szennyviztisztito Telep,46.679823,17.886194,4750,20805.0,Hungary,Dél-Dunántúl,HU23,Hungary
Karcag - Szennyviztisztito Telep,47.317414,20.943839,26666,116797.08,Hungary,Észak-Alföld,HU32,Hungary
Kaszaper - Szennyviztisztito Telep,46.450499,20.829569,2250,9855.0,Hungary,Dél-Alföld,HU33,Hungary
Kelebia - Szennyviztisztito Telep,46.212796,19.599039,2865,12548.7,Hungary,Dél-Alföld,HU33,Hungary
Kaszopuszta - Szennyviztisztito Telep,46.320221,17.226662,720,3153.6,Hungary,Dél-Dunántúl,HU23,Hungary
Katymar - Szennyviztisztito Telep,46.046836,19.241169,5026,22013.88,Hungary,Dél-Alföld,HU33,Hungary
Kazincbarcika - Szennyviztisztito Telep,48.254389,20.647096,53800,235644.0,Hungary,Észak-Magyarország,HU31,Hungary
Kecel - Szennyviztisztito Telep,46.508123,19.292571,10333,45258.54,Hungary,Dél-Alföld,HU33,Hungary
Kecskemet - Szennyviztisztito Telep,46.892695,19.714354,240000,1051200.0,Hungary,Dél-Alföld,HU33,Hungary
Kehidakustany - Szennyviztisztito Telep,46.824831,17.10297,4900,21462.0,Hungary,Nyugat-Dunántúl,HU22,Hungary
Kelemer - Szennyviztisztito Telep,48.351586,20.421773,240,1051.2,Hungary,Észak-Magyarország,HU31,Hungary
Kemecse - Szennyviztisztito Telep,48.071198,21.783298,10433,45696.54,Hungary,Észak-Alföld,HU32,Hungary
Kemenesmihalyfa - Szennyviztisztito Telep,47.281408,17.123067,600,2628.0,Hungary,Nyugat-Dunántúl,HU22,Hungary
Kemenessomjen - Szennyviztisztito Telep,47.282714,17.15284,700,3066.0,Hungary,Közép-Dunántúl,HU21,Hungary
Kemenesszentmarton - Szennyviztisztito Telep,47.290717,17.166748,250,1095.0,Hungary,Közép-Dunántúl,HU21,Hungary
Kemenesszentpeter - Szennyviztisztito Telep,47.428987,17.234798,600,2628.0,Hungary,Nyugat-Dunántúl,HU22,Hungary
Kenderes - Szennyviztisztito Telep,47.26989,20.680525,4686,20524.68,Hungary,Észak-Alföld,HU32,Hungary
Kenezlo - Szennyviztisztito Telep,48.198234,21.549929,3045,13337.1,Hungary,Észak-Magyarország,HU31,Hungary
Kenyeri - Szennyviztisztito Telep,47.386548,17.083729,2950,12921.0,Hungary,Nyugat-Dunántúl,HU22,Hungary
Kerecsend - Szennyviztisztito Telep,47.784319,20.336361,3783,16569.54,Hungary,Észak-Magyarország,HU31,Hungary
Keszthely - Szennyviztisztito Telep,46.736854,17.236624,120890,529498.2,Hungary,Nyugat-Dunántúl,HU22,Hungary
Ketegyhaza - Szennyviztisztito Telep,46.547445,21.175184,3753,16438.14,Hungary,Dél-Alföld,HU33,Hungary
Kethely - Szennyviztisztito Telep,46.668548,17.407826,56327,246712.26,Hungary,Dél-Dunántúl,HU23,Hungary
Kincsesbanya - Szennyviztisztito Telep,47.28191,18.286594,4117,18032.46,Hungary,Közép-Dunántúl,HU21,Hungary
Kiralyegyhaza - Szennyviztisztito Telep,45.982945,17.9857,1868,8181.84,Hungary,Dél-Dunántúl,HU23,Hungary
Kiralyszentistvan - Szennyviztisztito Telep,47.10857,18.02885,4940,21637.2,Hungary,Közép-Dunántúl,HU21,Hungary
Kisbarkany - Szennyviztisztito Telep,48.011996,19.690133,200,876.0,Hungary,Észak-Magyarország,HU31,Hungary
Kisber - Szennyviztisztito Telep,47.50781,18.027921,8330,36485.4,Hungary,Közép-Dunántúl,HU21,Hungary
Kisber uj - Szennyviztisztito Telep,47.508256,18.027732,6153,26950.14,Hungary,Közép-Dunántúl,HU21,Hungary
Kisdobsza - Szennyviztisztito Telep,46.016342,17.662858,950,4161.0,Hungary,Dél-Dunántúl,HU23,Hungary
Kisdorog - Szennyviztisztito Telep,46.392253,18.505638,750,3285.0,Hungary,Dél-Dunántúl,HU23,Hungary
Kiskore - Szennyviztisztito Telep,47.489708,20.510445,13734,60154.92,Hungary,Észak-Alföld,HU32,Hungary
Kiskoros - Szennyviztisztito Telep,46.629918,19.271643,33500,146730.0,Hungary,Dél-Alföld,HU33,Hungary
Kiskunfelegyhaza - Szennyviztisztito Telep,46.710657,19.871216,49166,215347.08,Hungary,Dél-Alföld,HU33,Hungary
Kiskunhalas - Szennyviztisztito Telep,46.440124,19.511682,32032,140300.16,Hungary,Dél-Alföld,HU33,Hungary
Kiskunlachaza - Szennyviztisztito Telep,47.177305,19.025061,12000,52560.0,Hungary,Pest,HU12,Hungary
Kiskunmajsa - Szennyviztisztito Telep,46.491646,19.7613,9000,39420.0,Hungary,Dél-Alföld,HU33,Hungary
Kislang - Szennyviztisztito Telep,46.950054,18.370659,2700,11826.0,Hungary,Közép-Dunántúl,HU21,Hungary
Kisrecse - Szennyviztisztito Telep,46.496078,17.056984,199,871.62,Hungary,Nyugat-Dunántúl,HU22,Hungary
Kisszallas - Szennyviztisztito Telep,46.290327,19.490528,2325,10183.5,Hungary,Dél-Alföld,HU33,Hungary
Kistelek - Szennyviztisztito Telep,46.46032,19.977305,8470,37098.6,Hungary,Dél-Alföld,HU33,Hungary
Kisujszallas - Szennyviztisztito Telep,47.228873,20.746015,8515,37295.7,Hungary,Észak-Alföld,HU32,Hungary
Kisvarda - Szennyviztisztito Telep,48.223186,22.054702,70958,310796.04,Hungary,Észak-Alföld,HU32,Hungary
Kisvejke - Szennyviztisztito Telep,46.38196,18.42412,417,1826.46,Hungary,Dél-Dunántúl,HU23,Hungary
Klarafalva - Szennyviztisztito Telep,46.207017,20.323188,1950,8541.0,Hungary,Dél-Alföld,HU33,Hungary
Kocs - Szennyviztisztito Telep,47.614991,18.211342,2750,12045.0,Hungary,Közép-Dunántúl,HU21,Hungary
Kocsord - Szennyviztisztito Telep,47.949013,22.381998,2700,11826.0,Hungary,Észak-Alföld,HU32,Hungary
Kolcse - Szennyviztisztito Telep,48.070746,22.706265,2697,11812.86,Hungary,,,Hungary
Kolesd - Szennyviztisztito Telep,46.519547,18.590464,2339,10244.82,Hungary,Dél-Dunántúl,HU23,Hungary
Kolontar - Szennyviztisztito Telep,47.086898,17.47911,950,4161.0,Hungary,Közép-Dunántúl,HU21,Hungary
Komadi - Szennyviztisztito Telep,47.014207,21.470541,5667,24821.46,Hungary,Észak-Alföld,HU32,Hungary
Komarom - Szennyviztisztito Telep,47.736448,18.207336,57067,249953.46,Hungary,Közép-Dunántúl,HU21,Hungary
Komlo - Szennyviztisztito Telep,46.222156,18.237818,67500,295650.0,Hungary,Dél-Dunántúl,HU23,Hungary
Kondoros - Szennyviztisztito Telep,46.761838,20.775737,4794,20997.72,Hungary,Dél-Alföld,HU33,Hungary
Konyar - Szennyviztisztito Telep,47.314289,21.656071,2812,12316.56,Hungary,Észak-Alföld,HU32,Hungary
Kormend - Szennyviztisztito Telep,47.011379,16.624278,20000,87600.0,Hungary,Nyugat-Dunántúl,HU22,Hungary
Korom - Szennyviztisztito Telep,47.975773,20.960065,14925,65371.5,Hungary,Észak-Magyarország,HU31,Hungary
Korosladany - Szennyviztisztito Telep,46.953513,21.053641,5107,22368.66,Hungary,Dél-Alföld,HU33,Hungary
Korostarcsa - Szennyviztisztito Telep,46.894506,21.020618,2667,11681.46,Hungary,Dél-Alföld,HU33,Hungary
Kovacsvagas - Szennyviztisztito Telep,48.459498,21.531944,123,538.74,Hungary,Észak-Magyarország,HU31,Hungary
Koveskal - Szennyviztisztito Telep,46.879633,17.616796,1766,7735.08,Hungary,Közép-Dunántúl,HU21,Hungary
Kozard - Szennyviztisztito Telep,47.910913,19.615127,300,1314.0,Hungary,Észak-Magyarország,HU31,Hungary
Kozmadombja - Szennyviztisztito Telep,46.766001,16.563314,833,3648.54,Hungary,Nyugat-Dunántúl,HU22,Hungary
Krasznokvajda Szennyviztisztito Telep,48.468189,20.96537,600,2628.0,Hungary,Észak-Magyarország,HU31,Hungary
Kulsovat Szennyviztisztito Telep,47.301849,17.223712,800,3504.0,Hungary,Közép-Dunántúl,HU21,Hungary
Kunadacs - Szennyviztisztito Telep,46.961557,19.292795,1298,5685.24,Hungary,Dél-Alföld,HU33,Hungary
Kunagota - Szennyviztisztito Telep,46.445634,21.038926,5000,21900.0,Hungary,Dél-Alföld,HU33,Hungary
Kunfeherto - Szennyviztisztito Telep,46.366536,19.395081,4606,20174.28,Hungary,Dél-Alföld,HU33,Hungary
Kunmadaras - Szennyviztisztito Telep,47.431122,20.820786,8900,38982.0,Hungary,Észak-Alföld,HU32,Hungary
Kunpeszer - Szennyviztisztito Telep,47.053283,19.27405,870,3810.6,Hungary,Pest,HU12,Hungary
Kunszentmarton - Szennyviztisztito Telep,46.847208,20.303443,11000,48180.0,Hungary,Észak-Alföld,HU32,Hungary
Kunszentmiklos - Szennyviztisztito Telep,47.046943,19.114617,7250,31755.0,Hungary,Pest,HU12,Hungary
Kunsziget - Szennyviztisztito Telep,47.767418,17.47153,14600,63948.0,Hungary,Nyugat-Dunántúl,HU22,Hungary
Kup - Szennyviztisztito Telep,47.245114,17.464926,3000,13140.0,Hungary,Közép-Dunántúl,HU21,Hungary
Kupa - Szennyviztisztito Telep,48.330775,20.91505,100,438.0,Hungary,Észak-Magyarország,HU31,Hungary
Kurd-Szennyviztisztito Telep,46.454349,18.313496,1290,5650.2,Hungary,Dél-Dunántúl,HU23,Hungary
Kutaso - Szennyviztisztito Telep,47.946984,19.544661,110,481.8,Hungary,Észak-Magyarország,HU31,Hungary
Labatlan - Szennyviztisztito Telep,47.757599,18.532998,4150,18177.0,Hungary,Közép-Dunántúl,HU21,Hungary
Ladbesenyo - Szennyviztisztito Telep,48.342403,20.779111,200,876.0,Hungary,Észak-Magyarország,HU31,Hungary
Lajoskomarom - Szennyviztisztito Telep,46.837459,18.404613,6083,26643.54,Hungary,Közép-Dunántúl,HU21,Hungary
Lajosmizse - Szennyviztisztito Telep,47.040882,19.545142,10004,43817.52,Hungary,Pest,HU12,Hungary
Lak - Szennyviztisztito Telep,48.343712,20.872328,300,1314.0,Hungary,Észak-Magyarország,HU31,Hungary
Lakitelek - Szennyviztisztito Telep,46.88328,20.026653,9376,41066.88,Hungary,Dél-Alföld,HU33,Hungary
Leanyvar - Szennyviztisztito Telep,47.694051,18.764827,6667,29201.46,Hungary,Közép-Dunántúl,HU21,Hungary
Lengyel-Szennyviztisztito Telep,46.364077,18.371047,833,3648.54,Hungary,Dél-Dunántúl,HU23,Hungary
Lenti - (Mahomfa nelkul) - Szennyviztisztito Telep,46.6196,16.553137,15237,66738.06,Hungary,Nyugat-Dunántúl,HU22,Hungary
Letavertes - Szennyviztisztito Telep,47.378192,21.872967,9489,41561.82,Hungary,Észak-Alföld,HU32,Hungary
Letenye - Szennyviztisztito Telep,46.419959,16.724495,4770,20892.6,Hungary,Nyugat-Dunántúl,HU22,Hungary
Levelek - Szennyviztisztito Telep,47.978199,21.998443,4792,20988.96,Hungary,Észak-Alföld,HU32,Hungary
Lokoshaza - Szennyviztisztito Telep,46.418054,21.217007,3773,16525.74,Hungary,Dél-Alföld,HU33,Hungary
Mariapocs - Szennyviztisztito Telep,47.900124,22.017588,4200,18396.0,Hungary,Észak-Alföld,HU32,Hungary
Lovasbereny - Szennyviztisztito Telep,47.293534,18.543144,2650,11607.0,Hungary,Közép-Dunántúl,HU21,Hungary
Lovaszi - Szennyviztisztito Telep,46.55293,16.561291,5250,22995.0,Hungary,Nyugat-Dunántúl,HU22,Hungary
Lovo - Szennyviztisztito Telep,47.490774,16.798462,6792,29748.96,Hungary,Nyugat-Dunántúl,HU22,Hungary
Lucfalva - Szennyviztisztito Telep,48.029914,19.699556,433,1896.54,Hungary,Észak-Magyarország,HU31,Hungary
Madocsa - Szennyviztisztito Telep,46.673327,18.959404,14341,62813.58,Hungary,Dél-Alföld,HU33,Hungary
Magocs - Szennyviztisztito Telep,46.328377,18.218726,2100,9198.0,Hungary,Dél-Dunántúl,HU23,Hungary
Magosliget - Szennyviztisztito Telep,48.045234,22.844718,335,1467.3,Hungary,,,Hungary
Magyarbanhegyes - Szennyviztisztito Telep,46.469095,20.942401,2880,12614.4,Hungary,Dél-Alföld,HU33,Hungary
Magyarszombatfa - Szennyviztisztito Telep,46.748144,16.358002,342,1497.96,Hungary,Nyugat-Dunántúl,HU22,Hungary
Maklar - Szennyviztisztito Telep,47.795751,20.424706,7000,30660.0,Hungary,Észak-Magyarország,HU31,Hungary
Mako - Szennyviztisztito Telep,46.210095,20.448493,59000,258420.0,Hungary,Dél-Alföld,HU33,Hungary
Mand - Szennyviztisztito Telep,48.000908,22.59886,200,876.0,Hungary,Észak-Alföld,HU32,Hungary
Mandok - Szennyviztisztito Telep,48.312183,22.199838,4500,19710.0,Hungary,Észak-Alföld,HU32,Hungary
Marcali - Szennyviztisztito Telep,46.578214,17.427956,15700,68766.0,Hungary,Dél-Dunántúl,HU23,Hungary
Markaz - Szennyviztisztito Telep,47.806159,20.082919,1500,6570.0,Hungary,Észak-Magyarország,HU31,Hungary
Markhaza- Szennyviztisztito Telep,48.012112,19.711404,200,876.0,Hungary,Észak-Magyarország,HU31,Hungary
Marko - Szennyviztisztito Telep,47.117757,17.818277,1000,4380.0,Hungary,Közép-Dunántúl,HU21,Hungary
Martely - Szennyviztisztito Telep,46.459106,20.241003,1667,7301.46,Hungary,Dél-Alföld,HU33,Hungary
Martfu - Szennyviztisztito Telep,47.019947,20.271339,6600,28908.0,Hungary,Észak-Alföld,HU32,Hungary
Mateszalka - Szennyviztisztito Telep,47.970793,22.332749,69726,305399.88,Hungary,Észak-Alföld,HU32,Hungary
Matraszentimre - Szennyviztisztito Telep,47.888661,19.847842,957,4191.66,Hungary,Észak-Magyarország,HU31,Hungary
Matraterenye - Szennyviztisztito Telep,48.01794,19.948121,4050,17739.0,Hungary,Észak-Magyarország,HU31,Hungary
Maza - Szennyviztisztito Telep,46.274255,18.411912,7050,30879.0,Hungary,Dél-Dunántúl,HU23,Hungary
Mecseknadasd - Szennyviztisztito Telep,46.234903,18.482573,2917,12776.46,Hungary,Dél-Dunántúl,HU23,Hungary
Medgyesegyhaza - Szennyviztisztito Telep,46.472709,21.019271,3600,15768.0,Hungary,Dél-Alföld,HU33,Hungary
Meggyeskovacsi - Szennyviztisztito Telep,47.181407,16.883888,7000,30660.0,Hungary,Nyugat-Dunántúl,HU22,Hungary
Megyaszo - Szennyviztisztito Telep,48.164401,21.053527,4200,18396.0,Hungary,Észak-Magyarország,HU31,Hungary
Mezohek - Szennyviztisztito Telep,47.000565,20.389913,150,657.0,Hungary,Észak-Alföld,HU32,Hungary
Mehkerek - Szennyviztisztito Telep,46.779305,21.475633,2083,9123.54,Hungary,Dél-Alföld,HU33,Hungary
Melykut uj - Szennyviztisztito Telep,46.203413,19.357468,5610,24571.8,Hungary,Dél-Alföld,HU33,Hungary
Merk - Szennyviztisztito Telep,47.802616,22.370032,4885,21396.3,Hungary,Észak-Alföld,HU32,Hungary
Mersevat - Szennytisztito Telep,47.289067,17.211075,600,2628.0,Hungary,Közép-Dunántúl,HU21,Hungary
Mezobereny - Szennyviztisztito Telep,46.824109,21.043328,18910,82825.8,Hungary,Dél-Alföld,HU33,Hungary
Mezocsat - Szennyviztisztito Telep,47.842196,20.907394,6125,26827.5,Hungary,Észak-Magyarország,HU31,Hungary
Mezohegyes - Szennyviztisztito Telep,46.308394,20.800714,6210,27199.8,Hungary,Dél-Alföld,HU33,Hungary
Mezokovacshaza - Szennyviztisztito Telep,46.395429,20.921451,9655,42288.9,Hungary,Dél-Alföld,HU33,Hungary
Mezokovesd - Szennyviztisztito Telep,47.790193,20.579744,17995,78818.1,Hungary,Észak-Magyarország,HU31,Hungary
Mezoladany - Szennyviztisztito Telep,48.266085,22.223299,4400,19272.0,Hungary,Észak-Alföld,HU32,Hungary
Mezoszilas - Szennyviztisztito Telep,46.80623,18.490277,1720,7533.6,Hungary,Közép-Dunántúl,HU21,Hungary
Mezotur-regi - Szennyviztisztito Telep,46.985457,20.635257,6218,27234.84,Hungary,Észak-Alföld,HU32,Hungary
Mezotur-uj - Szennyviztisztito Telep,46.98481,20.634673,12435,54465.3,Hungary,Észak-Alföld,HU32,Hungary
Mindszent - Szennyviztisztito Telep,46.510817,20.192551,6697,29332.86,Hungary,Dél-Alföld,HU33,Hungary
Miskolc - Szennyviztisztito Telep,48.084682,20.848523,350000,1533000.0,Hungary,Észak-Magyarország,HU31,Hungary
Miszla - Szennyviztisztito Telep,46.637138,18.493999,185,810.3,Hungary,Dél-Dunántúl,HU23,Hungary
Mocsa - Szennyviztisztito Telep,47.677947,18.18449,2192,9600.96,Hungary,Közép-Dunántúl,HU21,Hungary
Mogyorosbanya - Szennyviztisztito Telep,47.731862,18.617823,667,2921.46,Hungary,Közép-Dunántúl,HU21,Hungary
Mohacs - Szennyviztisztito Telep,45.976055,18.702078,20000,87600.0,Hungary,Dél-Dunántúl,HU23,Hungary
Molnari - Szennyviztisztito Telep,46.384399,16.826627,900,3942.0,Hungary,Nyugat-Dunántúl,HU22,Hungary
Monaj - Szennyviztisztito Telep,48.309293,20.935245,300,1314.0,Hungary,Észak-Magyarország,HU31,Hungary
Monor - Szennyviztisztito Telep,47.359005,19.424528,26863,117659.94,Hungary,Pest,HU12,Hungary
Monosbel - Szennyviztisztito Telep,48.025231,20.326237,3676,16100.88,Hungary,Észak-Magyarország,HU31,Hungary
Mor - Szennyviztisztito Telep,47.36211,18.193226,24792,108588.96,Hungary,Közép-Dunántúl,HU21,Hungary
Morahalom - Szennyviztisztito Telep,46.212902,19.900608,13844,60636.72,Hungary,Dél-Alföld,HU33,Hungary
Morichida - Szennyviztisztito Telep,47.528999,17.421068,1375,6022.5,Hungary,Nyugat-Dunántúl,HU22,Hungary
Mosonmagyarovar - Szennyviztisztito Telep,47.841179,17.293821,98277,430453.26,Hungary,Nyugat-Dunántúl,HU22,Hungary
Murakeresztur - Szennyviztisztito Telep,46.352142,16.872544,1500,6570.0,Hungary,Nyugat-Dunántúl,HU22,Hungary
Nadasd - Szennyviztisztito Telep,46.975391,16.614686,2204,9653.52,Hungary,Nyugat-Dunántúl,HU22,Hungary
Nadudvar - Szennyviztisztito Telep,47.441795,21.136794,9377,41071.26,Hungary,Észak-Alföld,HU32,Hungary
Nagyacsad - Szennyviztisztito Telep,47.371982,17.370591,716,3136.08,Hungary,Közép-Dunántúl,HU21,Hungary
Nagyatad - Szennyviztisztito Telep,46.220056,17.369938,45890,200998.2,Hungary,Dél-Dunántúl,HU23,Hungary
Nagybajom - Szennyviztisztito Telep,46.355803,17.537242,4370,19140.6,Hungary,Dél-Dunántúl,HU23,Hungary
Nagybaracska - Szennyviztisztito Telep,46.037586,18.924877,2361,10341.18,Hungary,Dél-Alföld,HU33,Hungary
Nagybarca (Dedestapolcsany) - Szennyviztisztito Telep,48.258283,20.544397,2000,8760.0,Hungary,Észak-Magyarország,HU31,Hungary
Nagybarca (uj) - Szennyviztisztito Telep,48.258591,20.543676,2488,10897.44,Hungary,Észak-Magyarország,HU31,Hungary
Nagybarkany - Szennyviztisztito Telep,48.003837,19.706973,525,2299.5,Hungary,Észak-Magyarország,HU31,Hungary
Nagydorog - Szennyviztisztito Telep,46.610792,18.630124,2720,11913.6,Hungary,Dél-Dunántúl,HU23,Hungary
Nagyecsed - Szennyviztisztito Telep,47.88442,22.381313,9535,41763.3,Hungary,Észak-Alföld,HU32,Hungary
Nagyhegyes - Szennyviztisztito Telep,47.532117,21.350137,3000,13140.0,Hungary,Észak-Alföld,HU32,Hungary
Nagyigmand - Szennyviztisztito Telep,47.64017,18.067741,2750,12045.0,Hungary,Közép-Dunántúl,HU21,Hungary
Nagykallo - Szennyviztisztito Telep,47.894403,21.830975,11350,49713.0,Hungary,Észak-Alföld,HU32,Hungary
Nagykanizsa - Szennyviztisztito Telep,46.434764,16.983159,89250,390915.0,Hungary,Nyugat-Dunántúl,HU22,Hungary
Nagykata - Szennyviztisztito Telep,47.389756,19.766273,15833,69348.54,Hungary,Pest,HU12,Hungary
Nagykeresztur - Szennyviztisztito Telep,48.036293,19.722455,200,876.0,Hungary,Észak-Magyarország,HU31,Hungary
Nagykoros - Szennyviztisztito Telep,47.037857,19.811189,25000,109500.0,Hungary,Pest,HU12,Hungary
Nagylozs - Szennyviztisztito Telep,47.575348,16.781069,6536,28627.68,Hungary,Nyugat-Dunántúl,HU22,Hungary
Nagymagocs - Szennyviztisztito Telep,46.585342,20.463908,2967,12995.46,Hungary,Dél-Alföld,HU33,Hungary
Nagyrabe - Szennyviztisztito Telep,47.200073,21.355678,2164,9478.32,Hungary,Észak-Alföld,HU32,Hungary
Nagyszenas - Szennyviztisztito Telep,46.656155,20.66904,4858,21278.04,Hungary,Dél-Alföld,HU33,Hungary
Nagyvazsony - Szennyviztisztito Telep,46.994818,17.684243,4623,20248.74,Hungary,Közép-Dunántúl,HU21,Hungary
Nagyveleg -Szennyviztisztito Telep,47.350323,18.117415,667,2921.46,Hungary,Közép-Dunántúl,HU21,Hungary
Naszaly - Szennyviztisztito Telep,47.700737,18.26538,2100,9198.0,Hungary,Közép-Dunántúl,HU21,Hungary
Nemesgulacs - Szennyviztisztito Telep,46.822896,17.481718,15000,65700.0,Hungary,Közép-Dunántúl,HU21,Hungary
Nemesnadudvar - Szennyviztisztito Telep,46.346933,19.038353,3013,13196.94,Hungary,Dél-Alföld,HU33,Hungary
Nemesszalok - Szennyviztisztito Telep,47.28644,17.298267,2041,8939.58,Hungary,Közép-Dunántúl,HU21,Hungary
Nick - Szennyviztisztito Telep,47.39985,17.020793,550,2409.0,Hungary,Nyugat-Dunántúl,HU22,Hungary
Nograd - Szennyviztisztito Telep,47.918765,19.049813,5333,23358.54,Hungary,Pest,HU12,Hungary
Noszlop - Szennyviztisztito Telep,47.188541,17.458904,1100,4818.0,Hungary,Közép-Dunántúl,HU21,Hungary
Noszvaj - Szennyviztisztito Telep,47.911694,20.471792,4600,20148.0,Hungary,Észak-Magyarország,HU31,Hungary
Notincs - Szennyviztisztito Telep,47.879945,19.170677,3667,16061.46,Hungary,Pest,HU12,Hungary
Nova - Szennyviztisztito Telep,46.676409,16.679875,1500,6570.0,Hungary,Nyugat-Dunántúl,HU22,Hungary
Nyaregyhaza - Szennyviztisztito Telep,47.24219,19.497427,6250,27375.0,Hungary,Pest,HU12,Hungary
Nyarlorinc - Szennyviztisztito Telep,46.854658,19.871246,2200,9636.0,Hungary,Dél-Alföld,HU33,Hungary
Nyarsapat - Szennyviztisztito Telep,47.109953,19.798714,1257,5505.66,Hungary,Pest,HU12,Hungary
Nyergesujfalu (Kelet) - Szennyviztisztito Telep,47.763136,18.570964,8750,38325.0,Hungary,Közép-Dunántúl,HU21,Hungary
Nyesta - Szennyviztisztito Telep,48.367092,20.952605,48,210.24,Hungary,Észak-Magyarország,HU31,Hungary
Nyirabrany - Szennyviztisztito Telep,47.52744,22.004886,4000,17520.0,Hungary,Észak-Alföld,HU32,Hungary
Nyiracsad - Szennyviztisztito Telep,47.58829,21.956471,3417,14966.46,Hungary,Észak-Alföld,HU32,Hungary
Nyirad - Szennyviztisztito Telep,47.008535,17.465597,2008,8795.04,Hungary,Közép-Dunántúl,HU21,Hungary
Nyiradony - Szennyviztisztito Telep,47.676787,21.88842,6760,29608.8,Hungary,Észak-Alföld,HU32,Hungary
Nyirbator - Szennyviztisztito Telep,47.821215,22.135376,20844,91296.72,Hungary,Észak-Alföld,HU32,Hungary
Nyirbogat - Szennyviztisztito Telep,47.816572,22.03249,4899,21457.62,Hungary,Észak-Alföld,HU32,Hungary
Nyirbogdany - Szennyviztisztito Telep,48.0776,21.863286,7120,31185.6,Hungary,Észak-Alföld,HU32,Hungary
Nyiregyhaza - Szennyviztisztito Telep,47.980569,21.705954,133333,583998.54,Hungary,Észak-Alföld,HU32,Hungary
Nyiregyhaza II. - Szennyviztisztito Telep,47.923963,21.623704,92200,403836.0,Hungary,Észak-Alföld,HU32,Hungary
Nyiribrony - Szennyviztisztito Telep,48.028959,21.969397,3074,13464.12,Hungary,Észak-Alföld,HU32,Hungary
Nyirlugos - Szennyviztisztito Telep,47.710534,22.03189,3609,15807.42,Hungary,Észak-Alföld,HU32,Hungary
Nyirmada - Szennyviztisztito Telep,48.059844,22.211762,6398,28023.24,Hungary,Észak-Alföld,HU32,Hungary
Nyirtelek - Szennyviztisztito Telep,48.015124,21.657646,5320,23301.6,Hungary,Észak-Alföld,HU32,Hungary
Ocsa - Szennyviztisztito Telep,47.3191,19.238693,14000,61320.0,Hungary,Pest,HU12,Hungary
Ocsanalos - Szennyviztisztito Telep,48.146472,20.959297,200,876.0,Hungary,Észak-Magyarország,HU31,Hungary
Ocsod - Szennyviztisztito Telep,46.911347,20.405603,3546,15531.48,Hungary,Észak-Alföld,HU32,Hungary
Okany - Szennyviztisztito Telep,46.898474,21.324397,2560,11212.8,Hungary,Dél-Alföld,HU33,Hungary
Olasz - Szennyviztisztito Telep,46.007307,18.412092,1100,4818.0,Hungary,Dél-Dunántúl,HU23,Hungary
Olcsvaapati - Szennyviztisztito Telep,48.083241,22.35378,204,893.52,Hungary,Észak-Alföld,HU32,Hungary
Opusztaszer - Szennyviztisztito Telep,46.493005,20.10367,3116,13648.08,Hungary,Dél-Alföld,HU33,Hungary
Orfu - Szennyviztisztito Telep,46.165881,18.132912,1870,8190.6,Hungary,Dél-Dunántúl,HU23,Hungary
Orfu Banos - Szennyviztisztito Telep,46.164528,18.155755,87,381.06,Hungary,Dél-Dunántúl,HU23,Hungary
Paty - Szennyviztisztito Telep,47.497685,18.824564,6500,28470.0,Hungary,Pest,HU12,Hungary
Oriszentpeter - Szennyviztisztito Telep,46.836967,16.440035,2775,12154.5,Hungary,Nyugat-Dunántúl,HU22,Hungary
Orkeny - Szennyviztisztito Telep,47.140035,19.453447,12000,52560.0,Hungary,Pest,HU12,Hungary
Oroshaza - Szennyviztisztito Telep,46.543036,20.661193,58500,256230.0,Hungary,Dél-Alföld,HU33,Hungary
Oroszlany - Szennyviztisztito Telep,47.500032,18.317373,66667,292001.46,Hungary,Közép-Dunántúl,HU21,Hungary
Osi - Szennyviztisztito Telep,47.156367,18.194262,1750,7665.0,Hungary,Közép-Dunántúl,HU21,Hungary
Osku - Szennyviztisztito Telep,47.167389,18.085516,1750,7665.0,Hungary,Közép-Dunántúl,HU21,Hungary
Oszko - Szennyviztisztito Telep,47.035276,16.880717,660,2890.8,Hungary,Nyugat-Dunántúl,HU22,Hungary
Ozd - Szennyviztisztito Telep,48.237189,20.330894,33350,146073.0,Hungary,Észak-Magyarország,HU31,Hungary
Pacin - Szennyviztisztito Telep,48.318698,21.832963,1590,6964.2,Hungary,Észak-Magyarország,HU31,Hungary
Pacsa - Szennyviztisztito Telep,46.723601,16.997594,9484,41539.92,Hungary,Nyugat-Dunántúl,HU22,Hungary
Paka - Szennyviztisztito Telep,46.596019,16.645083,2167,9491.46,Hungary,Nyugat-Dunántúl,HU22,Hungary
Paks - (Dunakomlod nelkul) - Szennyviztisztito Telep,46.597545,18.8556,36600,160308.0,Hungary,Dél-Dunántúl,HU23,Hungary
Palhaza - Szennyviztisztito Telep,48.468308,21.528877,4035,17673.3,Hungary,Észak-Magyarország,HU31,Hungary
Pali - Szennyviztisztito Telep,47.456848,17.160375,5830,25535.4,Hungary,Nyugat-Dunántúl,HU22,Hungary
Panyok - Szennyviztisztito Telep,48.53036,21.343926,70,306.6,Hungary,Észak-Magyarország,HU31,Hungary
Papa - Szennyviztisztito Telep,47.328833,17.439977,180000,788400.0,Hungary,Közép-Dunántúl,HU21,Hungary
Paradsasvar - Szennyviztisztito Telep,47.919202,19.994794,750,3285.0,Hungary,Észak-Magyarország,HU31,Hungary
Paszto - Szennyviztisztito Telep,47.914916,19.687295,13300,58254.0,Hungary,Észak-Magyarország,HU31,Hungary
Pat - Szennyviztisztito Telep,46.433048,17.18228,250,1095.0,Hungary,Dél-Dunántúl,HU23,Hungary
Pecel - Szennyviztisztito Telep,47.493183,19.31478,17468,76509.84,Hungary,Pest,HU12,Hungary
Pecs - Szennyviztisztito Telep,46.054053,18.150113,210501,921994.38,Hungary,Dél-Dunántúl,HU23,Hungary
Pecsvarad - Szennyviztisztito Telep,46.149682,18.422933,7317,32048.46,Hungary,Dél-Dunántúl,HU23,Hungary
Penyige - Szennyviztisztito Telep,48.003087,22.547234,872,3819.36,Hungary,Észak-Alföld,HU32,Hungary
Perbal - Szennyviztisztito Telep,47.58224,18.769376,3101,13582.38,Hungary,Pest,HU12,Hungary
Peresznye - Szennyviztisztito Telep,47.417223,16.659184,360,1576.8,Hungary,Nyugat-Dunántúl,HU22,Hungary
Petervasara - Szennyviztisztito Telep,48.003994,20.114009,8465,37076.7,Hungary,Észak-Magyarország,HU31,Hungary
Petfurdo - Szennyviztisztito Telep (Nitrogenmuvek Zrt. Szv.tisztito telepe),47.160287,18.149734,8000,35040.0,Hungary,Közép-Dunántúl,HU21,Hungary
Petofibanya - Szennyviztisztito Telep,47.757687,19.69869,4080,17870.4,Hungary,Észak-Magyarország,HU31,Hungary
Petrivente - Szennyviztisztito Telep,46.434342,16.842658,204,893.52,Hungary,Nyugat-Dunántúl,HU22,Hungary
Pilis - Szennyviztisztito Telep,47.272057,19.570408,9000,39420.0,Hungary,Pest,HU12,Hungary
Pilisborosjeno - Szennyviztisztito Telep,47.601397,18.999843,4500,19710.0,Hungary,Budapest,HU11,Hungary
Piliscsaba - Szennyviztisztito Telep,47.633457,18.814659,10833,47448.54,Hungary,Pest,HU12,Hungary
Pilisjaszfalu - Szennyviztisztito Telep,47.652581,18.78485,6400,28032.0,Hungary,Pest,HU12,Hungary
Pilisszanto - Szennyviztisztito Telep,47.656139,18.897834,2600,11388.0,Hungary,Pest,HU12,Hungary
Pilisszentkereszt - (Dobogoko nelkul) - Szennyviztisztito Telep,47.687849,18.912305,1866,8173.08,Hungary,Pest,HU12,Hungary
Pilisszentlelek - Szennyviztisztito Telep,47.733547,18.836879,264,1156.32,Hungary,Pest,HU12,Hungary
Pilisvorosvar - Szennyviztisztito Telep,47.605501,18.922828,17500,76650.0,Hungary,Pest,HU12,Hungary
Pincehely (SBR) szennyviztisztito telep,46.694409,18.462588,2480,10862.4,Hungary,Dél-Dunántúl,HU23,Hungary
Pocsaj - Szennyviztisztito Telep,47.280651,21.794837,3167,13871.46,Hungary,Észak-Alföld,HU32,Hungary
Pogany - Szennyviztisztito Telep,45.980096,18.269701,1037,4542.06,Hungary,Dél-Dunántúl,HU23,Hungary
Polgar - Szennyviztisztito Telep,47.883844,21.119099,7140,31273.2,Hungary,Észak-Alföld,HU32,Hungary
Polgardi - Szennyviztisztito Telep,47.043317,18.307776,6125,26827.5,Hungary,Közép-Dunántúl,HU21,Hungary
Porcsalma - Szennyviztisztito Telep,47.866997,22.560006,4200,18396.0,Hungary,Észak-Alföld,HU32,Hungary
Pornoapati - Szennyviztisztito Telep,47.149533,16.464012,900,3942.0,Hungary,Nyugat-Dunántúl,HU22,Hungary
Posfa - Szennyviztisztito Telep,47.327878,16.862774,3100,13578.0,Hungary,Nyugat-Dunántúl,HU22,Hungary
Prugy - Szennyviztisztito Telep,48.068761,21.244659,3763,16481.94,Hungary,Észak-Magyarország,HU31,Hungary
Puspokhatvan - Szennyviztisztito Telep,47.762725,19.363637,4962,21733.56,Hungary,Pest,HU12,Hungary
Puspokladany - Szennyviztisztito Telep,47.309069,21.095738,13542,59313.96,Hungary,Észak-Alföld,HU32,Hungary
Puspokmolnari - Szennyviztisztito Telep,47.079058,16.780499,991,4340.58,Hungary,Nyugat-Dunántúl,HU22,Hungary
Pusztacsalad - Szennyviztisztito Telep,47.488354,16.902454,350,1533.0,Hungary,Nyugat-Dunántúl,HU22,Hungary
Pusztaszabolcs - Szennyviztisztito Telep,47.147123,18.785293,6584,28837.92,Hungary,Közép-Dunántúl,HU21,Hungary
Pusztavam-Szennyviztisztito Telep,47.435438,18.236614,4645,20345.1,Hungary,Közép-Dunántúl,HU21,Hungary
Pusztazamor - Szennyviztisztito Telep,47.398032,18.793211,750,3285.0,Hungary,Pest,HU12,Hungary
Putnok - Szennyviztisztito Telep,48.285785,20.453034,7625,33397.5,Hungary,Észak-Magyarország,HU31,Hungary
Rabacsecseny - Szennyviztisztito Telep,47.608702,17.430723,4666,20437.08,Hungary,Nyugat-Dunántúl,HU22,Hungary
Rabahidveg - Szennyviztisztito Telep,47.065605,16.747101,1065,4664.7,Hungary,Nyugat-Dunántúl,HU22,Hungary
Rabatamasi - Szennyviztisztito Telep,47.590977,17.180848,1003,4393.14,Hungary,Nyugat-Dunántúl,HU22,Hungary
Racalmas - Szennyviztisztito Telep,47.010265,18.94738,3500,15330.0,Hungary,Közép-Dunántúl,HU21,Hungary
Rackeresztur Szennyviztisztito Telep,47.259193,18.832984,15900,69642.0,Hungary,Közép-Dunántúl,HU21,Hungary
Rackeve - Szennyviztisztito Telep,47.159901,18.923086,34167,149651.46,Hungary,Pest,HU12,Hungary
Rad - Szennyviztisztito mu,47.778143,19.218833,1835,8037.3,Hungary,Pest,HU12,Hungary
Radockolked - Szennyviztisztito Telep,47.062517,16.566622,626,2741.88,Hungary,Nyugat-Dunántúl,HU22,Hungary
Ragaly - Szennyviztisztito Telep,48.393816,20.536965,620,2715.6,Hungary,Észak-Magyarország,HU31,Hungary
Rakamaz - Szennyviztisztito Telep,48.10938,21.480509,9388,41119.44,Hungary,Észak-Alföld,HU32,Hungary
Recsk - Szennyviztisztito Telep,47.929019,20.128013,8440,36967.2,Hungary,Észak-Magyarország,HU31,Hungary
Repashuta - Szennyviztisztito Telep,48.046122,20.534263,556,2435.28,Hungary,Észak-Magyarország,HU31,Hungary
Repcelak - Szennyviztisztito Telep,47.424714,17.022469,3302,14462.76,Hungary,Nyugat-Dunántúl,HU22,Hungary
Retsag - Szennyviztisztito Telep,47.925488,19.142017,3500,15330.0,Hungary,Észak-Magyarország,HU31,Hungary
Revfulop - Szennyviztisztito Telep,46.824697,17.604118,18200,79716.0,Hungary,Közép-Dunántúl,HU21,Hungary
Ricse - Szennyviztisztito Telep,48.31386,21.983828,2789,12215.82,Hungary,Észak-Alföld,HU32,Hungary
Rojtokmuzsaj - Szennyviztisztito Telep,47.561335,16.821175,525,2299.5,Hungary,Nyugat-Dunántúl,HU22,Hungary
Romhany - Szennyviztisztito Telep,47.936052,19.257871,2500,10950.0,Hungary,Észak-Magyarország,HU31,Hungary
Roszke - Szennyviztisztito Telep,46.21031,20.04444,7887,34545.06,Hungary,Dél-Alföld,HU33,Hungary
Rozsaszentmarton - Szennyviztisztito Telep,47.775773,19.748963,2124,9303.12,Hungary,Észak-Magyarország,HU31,Hungary
Ruzsa - Szennyviztisztito Telep,46.284907,19.757264,1800,7884.0,Hungary,Dél-Alföld,HU33,Hungary
Sagvar - Szennyviztisztito Telep,46.83608,18.111267,1999,8755.62,Hungary,Dél-Dunántúl,HU23,Hungary
Sajobabony - Szennyviztisztito Telep,48.161524,20.709057,26333,115338.54,Hungary,Észak-Magyarország,HU31,Hungary
Sajogalgoc - Szennyviztisztito Telep,48.287565,20.535821,200,876.0,Hungary,Észak-Magyarország,HU31,Hungary
Sajokaza - Szennyviztisztito Telep,48.280676,20.594341,3464,15172.32,Hungary,Észak-Magyarország,HU31,Hungary
Sajoszentpeter - Szennyviztisztito Telep,48.21756,20.729772,18750,82125.0,Hungary,Észak-Magyarország,HU31,Hungary
Salgotarjan - Szennyviztisztito Telep,48.052818,19.786663,75000,328500.0,Hungary,Észak-Magyarország,HU31,Hungary
Saly - Szennyviztisztito Telep,47.914284,20.67098,2013,8816.94,Hungary,Észak-Magyarország,HU31,Hungary
Sarbogard - Szennyviztisztito Telep,46.896414,18.584733,13125,57487.5,Hungary,Közép-Dunántúl,HU21,Hungary
Sarisap - Szennyviztisztito Telep,47.681228,18.669283,3667,16061.46,Hungary,Közép-Dunántúl,HU21,Hungary
Sarkad - Szennyviztisztito Telep,46.749194,21.369865,12000,52560.0,Hungary,Dél-Alföld,HU33,Hungary
Sarkadkeresztur - Szennyviztisztito Telep,46.812194,21.372824,2000,8760.0,Hungary,Dél-Alföld,HU33,Hungary
Sarkeresztes - Szennyviztisztito Telep,47.24632,18.349575,4667,20441.46,Hungary,Közép-Dunántúl,HU21,Hungary
Sarospatak - Szennyviztisztito Telep,48.304701,21.563123,24809,108663.42,Hungary,Észak-Magyarország,HU31,Hungary
Sarvar - Szennyviztisztito Telep,47.265271,16.958922,37000,162060.0,Hungary,Nyugat-Dunántúl,HU22,Hungary
Sasd - Szennyviztisztito Telep,46.252315,18.115492,6000,26280.0,Hungary,Dél-Dunántúl,HU23,Hungary
Satoraljaujhely - Szennyviztisztito Telep,48.386554,21.665157,27870,122070.6,Hungary,Észak-Magyarország,HU31,Hungary
Satorhely - Szennyviztisztito Telep,45.934265,18.625284,4483,19635.54,Hungary,Dél-Dunántúl,HU23,Hungary
Savoly - Szennyviztisztito Telep,46.582582,17.272801,900,3942.0,Hungary,Dél-Dunántúl,HU23,Hungary
Segesd telepulesi - Szennyviztisztito Telep,46.370822,17.35702,2758,12080.04,Hungary,Dél-Dunántúl,HU23,Hungary
Sellye - Szennyviztisztito Telep,45.88379,17.852266,6500,28470.0,Hungary,Dél-Dunántúl,HU23,Hungary
Siklos - Szennyviztisztito Telep,45.854149,18.286873,11083,48543.54,Hungary,Dél-Dunántúl,HU23,Hungary
Simontornya - Szennyviztisztito Telep,46.747711,18.571955,4480,19622.4,Hungary,Dél-Dunántúl,HU23,Hungary
Sioagard - Szennyviztisztito Telep,46.389898,18.643043,1222,5352.36,Hungary,Dél-Dunántúl,HU23,Hungary
Siofok uj agglomeracios- Szennyviztisztito Telep,46.897032,18.085746,170000,744600.0,Hungary,Dél-Dunántúl,HU23,Hungary
Sirok - Szennyviztisztito Telep,47.921429,20.187456,2107,9228.66,Hungary,Észak-Magyarország,HU31,Hungary
Sitke - Szennyviztisztito Telep,47.237336,17.02535,720,3153.6,Hungary,Nyugat-Dunántúl,HU22,Hungary
Solt - Szennyviztisztito Telep,46.784131,19.006158,11250,49275.0,Hungary,Dél-Alföld,HU33,Hungary
Soltvadkert - Szennyviztisztito Telep,46.569807,19.385231,10980,48092.4,Hungary,Dél-Alföld,HU33,Hungary
Solymar - Szennyviztisztito Telep,47.595267,18.958716,20000,87600.0,Hungary,Budapest,HU11,Hungary
Som - Szennyviztisztito Telep,46.805427,18.145579,770,3372.6,Hungary,Dél-Dunántúl,HU23,Hungary
Somberek - Szennyviztisztito Telep,46.08095,18.674705,8000,35040.0,Hungary,Dél-Dunántúl,HU23,Hungary
Somogycsicso - Szennyviztisztito Telep,46.304277,17.136502,175,766.5,Hungary,Dél-Dunántúl,HU23,Hungary
Somogyszob - Szennyviztisztito Telep,46.285552,17.282475,2571,11260.98,Hungary,Dél-Dunántúl,HU23,Hungary
Somogytur - Szennyviztisztito Telep,46.70927,17.775204,4110,18001.8,Hungary,Dél-Dunántúl,HU23,Hungary
Sopron - (Balf nelkul) - Szennyviztisztito Telep,47.660096,16.621305,165000,722700.0,Hungary,Nyugat-Dunántúl,HU22,Hungary
Sormas - Szennyviztisztito Telep,46.467653,16.918176,750,3285.0,Hungary,Nyugat-Dunántúl,HU22,Hungary
Soshartyan - Szennyviztisztito Telep,48.076542,19.695149,3333,14598.54,Hungary,Észak-Magyarország,HU31,Hungary
Soskut - Szennyviztisztito Telep,47.39063,18.846093,3735,16359.3,Hungary,Pest,HU12,Hungary
Sulysap - Szennyviztisztito Telep,47.445218,19.565648,27866,122053.08,Hungary,Pest,HU12,Hungary
Szamosszeg - Szennyviztisztito Telep,48.053892,22.332389,3075,13468.5,Hungary,Észak-Alföld,HU32,Hungary
Sumeg - Szennyviztisztito Telep,46.974087,17.267851,12921,56593.98,Hungary,Közép-Dunántúl,HU21,Hungary
Sur - Szennyviztisztito Telep,47.360596,18.035702,1083,4743.54,Hungary,Közép-Dunántúl,HU21,Hungary
Sutto  - Szennyviztisztito Telep,47.758969,18.462261,7500,32850.0,Hungary,Közép-Dunántúl,HU21,Hungary
Szabadbattyan - Szennyviztisztito Telep,47.11893,18.383744,8333,36498.54,Hungary,Közép-Dunántúl,HU21,Hungary
Szabadegyhaza - Szennyviztisztito Telep,47.058653,18.715254,10917,47816.46,Hungary,Közép-Dunántúl,HU21,Hungary
Szabadszallas - Szennyviztisztito Telep,46.886802,19.233958,6785,29718.3,Hungary,Dél-Alföld,HU33,Hungary
Szabolcsveresmart - Szennyviztisztito Telep,48.286443,22.004341,4714,20647.32,Hungary,Észak-Alföld,HU32,Hungary
Szakadat - Szennyviztisztito Telep,46.536239,18.476331,330,1445.4,Hungary,Dél-Dunántúl,HU23,Hungary
Szakald - Szennyviztisztito Telep,47.948064,20.907547,300,1314.0,Hungary,Észak-Magyarország,HU31,Hungary
Szakoly - Szennyviztisztito Telep,47.776108,21.896825,4000,17520.0,Hungary,Észak-Alföld,HU32,Hungary
Szakszend - Szennyviztisztito Telep,47.559156,18.155319,2708,11861.04,Hungary,Közép-Dunántúl,HU21,Hungary
Szalka - Szennyviztisztito Telep,46.251645,18.609235,1867,8177.46,Hungary,Dél-Dunántúl,HU23,Hungary
Szamosker - Szennyviztisztito Telep,48.016212,22.409438,441,1931.58,Hungary,Észak-Alföld,HU32,Hungary
Szany - Szennyviztisztito Telep,47.44494,17.320946,8000,35040.0,Hungary,Nyugat-Dunántúl,HU22,Hungary
Szapar - Szennyviztisztito Telep,47.316687,18.048831,4800,21024.0,Hungary,Közép-Dunántúl,HU21,Hungary
Szarvas - Szennyviztisztito Telep,46.854481,20.534514,21617,94682.46,Hungary,Dél-Alföld,HU33,Hungary
Szarvasko - Szennyviztisztito Telep,47.984199,20.342795,155,678.9,Hungary,Észak-Magyarország,HU31,Hungary
Szatymaz - Szennyviztisztito Telep,46.355204,20.067255,12550,54969.0,Hungary,Dél-Alföld,HU33,Hungary
Szazhalombatta - Szennyviztisztito Telep,47.304103,18.910962,20000,87600.0,Hungary,Pest,HU12,Hungary
Szecseny - Szennyviztisztito Telep,48.084881,19.532149,15000,65700.0,Hungary,Észak-Magyarország,HU31,Hungary
Szedres - Szennyviztisztito Telep,46.477144,18.662191,2450,10731.0,Hungary,Dél-Dunántúl,HU23,Hungary
Szeged - Szennyviztisztito Telep,46.216618,20.119036,230000,1007400.0,Hungary,Dél-Alföld,HU33,Hungary
Szeghalom - Szennyviztisztito Telep,47.005556,21.150854,19983,87525.54,Hungary,Dél-Alföld,HU33,Hungary
Szegvar - Szennyviztisztito Telep,46.562789,20.223624,5000,21900.0,Hungary,Dél-Alföld,HU33,Hungary
Szekesfehervar - Szennyviztisztito Telep,47.18313,18.388876,226105,990339.9,Hungary,Közép-Dunántúl,HU21,Hungary
Szekkutas - Szennyviztisztito Telep,46.507771,20.526972,1983,8685.54,Hungary,Dél-Alföld,HU33,Hungary
Szekszard - Szennyviztisztito Telep,46.336316,18.717143,136500,597870.0,Hungary,Dél-Dunántúl,HU23,Hungary
Szendrolad - Szennyviztisztito Telep,48.342992,20.737499,1862,8155.56,Hungary,Észak-Magyarország,HU31,Hungary
Szente szennyviztisztito mu,47.961652,19.288823,320,1401.6,Hungary,Észak-Magyarország,HU31,Hungary
Szentendre - Szennyviztisztito Telep,47.643561,19.076619,63619,278651.22,Hungary,Pest,HU12,Hungary
Szentes - Szennyviztisztito Telep,46.635319,20.240505,65033,284844.54,Hungary,Dél-Alföld,HU33,Hungary
Szentistvan - Szennyviztisztito Telep,47.784626,20.66666,6174,27042.12,Hungary,Észak-Magyarország,HU31,Hungary
Szentkiraly Szennyviztisztito Telep,46.926937,19.916972,1984,8689.92,Hungary,Dél-Alföld,HU33,Hungary
Szentlorinc - Szennyviztisztito Telep,46.029555,17.981864,12666,55477.08,Hungary,Dél-Dunántúl,HU23,Hungary
Szentlorinckata - Szennyviztisztito Telep,47.501239,19.756833,12930,56633.4,Hungary,Észak-Alföld,HU32,Hungary
Szentpeterfa - Szennyviztisztito Telep,47.079705,16.475863,3700,16206.0,Hungary,Nyugat-Dunántúl,HU22,Hungary
Szerencs - Szennyviztisztito Telep,48.151861,21.222611,14500,63510.0,Hungary,Észak-Magyarország,HU31,Hungary
Szigetszentmiklos - Szennyviztisztito Telep,47.366102,19.020592,45350,198633.0,Hungary,Budapest,HU11,Hungary
Szigetvar - Szennyviztisztito Telep,46.036742,17.80769,25333,110958.54,Hungary,Dél-Dunántúl,HU23,Hungary
Szihalom - Szennyviztisztito Telep,47.762926,20.496497,2032,8900.16,Hungary,Észak-Magyarország,HU31,Hungary
Szikszo - Szennyviztisztito Telep,48.198093,20.939401,9867,43217.46,Hungary,Észak-Magyarország,HU31,Hungary
Szilaspogony - Szennyviztisztito Telep,48.121734,20.039941,2150,9417.0,Hungary,Észak-Magyarország,HU31,Hungary
Szilvasvarad - Szennyviztisztito Telep,48.118628,20.385809,6666,29197.08,Hungary,Észak-Magyarország,HU31,Hungary
Szob - Szennyviztisztito Telep,47.813741,18.891506,8048,35250.24,Hungary,Pest,HU12,Hungary
Szod - Szennyviztisztito Telep,47.720676,19.185166,2050,8979.0,Hungary,Pest,HU12,Hungary
Szolnok - Szennyviztisztito Telep,47.149541,20.168243,117333,513918.54,Hungary,Észak-Alföld,HU32,Hungary
Szombathely - Szennyviztisztito Telep,47.206313,16.621482,262500,1149750.0,Hungary,Nyugat-Dunántúl,HU22,Hungary
Szomod - Szennyviztisztito Telep,47.674262,18.339749,3333,14598.54,Hungary,Közép-Dunántúl,HU21,Hungary
Szugy - Szennyviztisztito Telep,48.048831,19.33694,1000,4380.0,Hungary,Észak-Magyarország,HU31,Hungary
Szuhafo - Szennyviztisztito Telep,48.407659,20.454472,150,657.0,Hungary,Észak-Magyarország,HU31,Hungary
Tab - Szennyviztisztito Telep,46.733429,18.055399,7740,33901.2,Hungary,Dél-Dunántúl,HU23,Hungary
Taborfalva - Szennyviztisztito Telep,47.086031,19.469724,6125,26827.5,Hungary,Pest,HU12,Hungary
Tac - Szennyviztisztito Telep,47.085522,18.410211,1665,7292.7,Hungary,Közép-Dunántúl,HU21,Hungary
Taktaharkany - Szennyviztisztito Telep,48.077203,21.135601,3833,16788.54,Hungary,Észak-Magyarország,HU31,Hungary
Tamasi - Szennyviztisztito Telep,46.631219,18.292258,12000,52560.0,Hungary,Dél-Dunántúl,HU23,Hungary
Tapioszele - Szennyviztisztito Telep,47.317324,19.8953,19206,84122.28,Hungary,Észak-Alföld,HU32,Hungary
Tapioszentmarton - Szennyviztisztito Telep,47.321692,19.75199,17000,74460.0,Hungary,Pest,HU12,Hungary
Tapioszolos - Szennyviztisztito Telep,47.290097,19.832579,2854,12500.52,Hungary,Pest,HU12,Hungary
Tapolca - Szennyviztisztito Telep,46.872936,17.437481,30000,131400.0,Hungary,Közép-Dunántúl,HU21,Hungary
Tar - Szennyviztisztito Telep,47.943224,19.719348,2660,11650.8,Hungary,Észak-Magyarország,HU31,Hungary
Tardona - Szennyviztisztito Telep,48.179397,20.543,580,2540.4,Hungary,Észak-Magyarország,HU31,Hungary
Tardos - Szennyviztisztito Telep,47.65575,18.452359,2500,10950.0,Hungary,Közép-Dunántúl,HU21,Hungary
Tarhos - Szennyviztisztito Telep,46.814812,21.223639,733,3210.54,Hungary,Dél-Alföld,HU33,Hungary
Tarjan - Szennyviztisztito Telep,47.602864,18.52014,3170,13884.6,Hungary,Közép-Dunántúl,HU21,Hungary
Tarpa - Szennyviztisztito Telep,48.101741,22.557494,2056,9005.28,Hungary,Észak-Alföld,HU32,Hungary
Tass - Szennyviztisztito Telep,47.008806,19.036156,4250,18615.0,Hungary,Dél-Alföld,HU33,Hungary
Tat - Szennyviztisztito Telep,47.734903,18.65532,11597,50794.86,Hungary,Közép-Dunántúl,HU21,Hungary
Tata - Szennyviztisztito Telep,47.677444,18.308917,28983,126945.54,Hungary,Közép-Dunántúl,HU21,Hungary
Tatabanya - Szennyviztisztito Telep,47.595618,18.383646,109416,479242.08,Hungary,Közép-Dunántúl,HU21,Hungary
Tatarszentgyorgy - Szennyviztisztito Telep,47.063386,19.377141,1700,7446.0,Hungary,Pest,HU12,Hungary
Telki - Szennyviztisztito Telep,47.546195,18.815868,5133,22482.54,Hungary,Pest,HU12,Hungary
Telkibanya - Szennyviztisztito Telep,48.507522,21.31913,1166,5107.08,Hungary,Észak-Magyarország,HU31,Hungary
Tengelic - Szennyviztisztito Telep,46.539808,18.707403,2916,12772.08,Hungary,Dél-Dunántúl,HU23,Hungary
Tenk - Szennyviztisztito Telep,47.665489,20.358207,1200,5256.0,Hungary,Észak-Magyarország,HU31,Hungary
Tes - Szennyviztisztito Telep,47.269149,18.05519,750,3285.0,Hungary,Közép-Dunántúl,HU21,Hungary
Tet - Szennyviztisztito Telep,47.507443,17.517913,14000,61320.0,Hungary,Nyugat-Dunántúl,HU22,Hungary
Tevel - Szennyviztisztito Telep,46.397924,18.466554,1666,7297.08,Hungary,Dél-Dunántúl,HU23,Hungary
Tiszaalpar - Szennyviztisztito Telep,46.807404,19.980998,5500,24090.0,Hungary,Dél-Alföld,HU33,Hungary
Tiszabercel - Szennyviztisztito Telep,48.128472,21.644786,2625,11497.5,Hungary,Észak-Alföld,HU32,Hungary
Tiszacsege - Szennyviztisztito Telep,47.683998,20.995911,4721,20677.98,Hungary,Észak-Alföld,HU32,Hungary
Tiszadada-Tiszadob kozos szennyviztisztito mu,48.011396,21.220402,5335,23367.3,Hungary,Észak-Magyarország,HU31,Hungary
Tiszadorogma - Szennyviztisztito Telep,47.685931,20.844839,2625,11497.5,Hungary,Észak-Magyarország,HU31,Hungary
Tiszafoldvar - Szennyviztisztito Telep,46.986538,20.270037,10833,47448.54,Hungary,Észak-Alföld,HU32,Hungary
Tiszafured - Szennyviztisztito Telep,47.623534,20.763619,18333,80298.54,Hungary,Észak-Alföld,HU32,Hungary
Tiszakecske - Szennyviztisztito Telep,46.921846,20.091936,32000,140160.0,Hungary,Észak-Alföld,HU32,Hungary
Tiszakeszi - Szennyviztisztito Telep,47.783198,20.993801,1900,8322.0,Hungary,Észak-Alföld,HU32,Hungary
Tiszalok  - Szennyviztisztito Telep,48.00726,21.415508,11578,50711.64,Hungary,Észak-Alföld,HU32,Hungary
Tiszaluc - Szennyviztisztito Telep,48.013944,21.019034,4233,18540.54,Hungary,Észak-Magyarország,HU31,Hungary
Tiszaroff - Szennyviztisztito Telep,47.410377,20.452875,3998,17511.24,Hungary,Észak-Alföld,HU32,Hungary
Tiszasas - Szennyviztisztito Telep,46.815888,20.096764,4678,20489.64,Hungary,Észak-Alföld,HU32,Hungary
Tiszaszentimre - Szennyviztisztito Telep,47.490928,20.694348,1966,8611.08,Hungary,Észak-Alföld,HU32,Hungary
Tiszatarjan Szennyviztisztito Telep,47.830414,20.996922,1200,5256.0,Hungary,Észak-Alföld,HU32,Hungary
Tiszatenyo - Szennyviztisztito Telep,47.145937,20.377577,4730,20717.4,Hungary,Észak-Alföld,HU32,Hungary
Tiszaujvaros - Szennyviztisztito Telep,47.92389,21.040219,29400,128772.0,Hungary,Észak-Magyarország,HU31,Hungary
Tiszavasvari - Szennyviztisztito Telep,47.936215,21.356549,14275,62524.5,Hungary,Észak-Alföld,HU32,Hungary
Tofej - Szennyviztisztito Telep,46.660635,16.791426,1132,4958.16,Hungary,Nyugat-Dunántúl,HU22,Hungary
Tokaj - Szennyviztisztito Telep,48.100602,21.425442,16667,73001.46,Hungary,Észak-Magyarország,HU31,Hungary
Tokol - Szennyviztisztito Telep,47.287862,18.940225,47000,205860.0,Hungary,Pest,HU12,Hungary
Tokorcs - Szennyviztisztito Telep,47.265392,17.0948,330,1445.4,Hungary,Nyugat-Dunántúl,HU22,Hungary
Tolna - Szennyviztisztito Telep,46.414073,18.783017,27292,119538.96,Hungary,Dél-Dunántúl,HU23,Hungary
Tomor - Szennyviztisztito Telep,48.320847,20.886351,200,876.0,Hungary,Észak-Magyarország,HU31,Hungary
Tompa - Szennyviztisztito Telep,46.224064,19.531841,4175,18286.5,Hungary,Dél-Alföld,HU33,Hungary
Torokbalint - Szennyviztisztito Telep,47.448744,18.921088,24000,105120.0,Hungary,Pest,HU12,Hungary
Torokszentmiklos - Szennyviztisztito Telep,47.198941,20.418058,22275,97564.5,Hungary,Észak-Alföld,HU32,Hungary
Totkomlos - Szennyviztisztito Telep,46.421437,20.720508,6291,27554.58,Hungary,Dél-Alföld,HU33,Hungary
Totszerdahely - Szennyviztisztito Telep,46.39015,16.785074,5500,24090.0,Hungary,Nyugat-Dunántúl,HU22,Hungary
Tunyogmatolcs - Szennyviztisztito Telep,47.964585,22.434258,3972,17397.36,Hungary,Észak-Alföld,HU32,Hungary
Tura - Szennyviztisztito Telep,47.593388,19.625989,10559,46248.42,Hungary,Pest,HU12,Hungary
Turje - Szennyviztisztito Telep,46.974391,17.097295,1000,4380.0,Hungary,Nyugat-Dunántúl,HU22,Hungary
Turkeve - Szennyviztisztito Telep,47.083871,20.747199,9500,41610.0,Hungary,Észak-Alföld,HU32,Hungary
Turricse - Szennyviztisztito Telep,47.961052,22.765702,6050,26499.0,Hungary,Észak-Alföld,HU32,Hungary
Tuzser - Szennyviztisztito Telep,48.3322,22.108968,6044,26472.72,Hungary,Észak-Alföld,HU32,Hungary
Ujbarok - Szennyviztisztito Telep,47.482005,18.570567,9690,42442.2,Hungary,Közép-Dunántúl,HU21,Hungary
Ujfeherto - Szennyviztisztito Telep,47.808386,21.643852,14000,61320.0,Hungary,Észak-Alföld,HU32,Hungary
Ujhartyan - Szennyviztisztito Telep,47.232618,19.373419,7784,34093.92,Hungary,Pest,HU12,Hungary
Ujiraz - Szennyviztisztito Telep,46.984921,21.342549,400,1752.0,Hungary,Dél-Alföld,HU33,Hungary
Ujkigyos - Szennyviztisztito Telep,46.598981,20.994426,10800,47304.0,Hungary,Dél-Alföld,HU33,Hungary
Ujlengyel - Szennyviztisztito Telep,47.208372,19.46437,4000,17520.0,Hungary,Pest,HU12,Hungary
Ujleta - Szennyviztisztito Telep,47.455498,21.867104,1091,4778.58,Hungary,Észak-Alföld,HU32,Hungary
Ujszentmargita - Szennyviztisztito Telep,47.722164,21.08982,1192,5220.96,Hungary,Észak-Alföld,HU32,Hungary
Ujudvar - Szennyviztisztito Telep,46.536383,16.980785,425,1861.5,Hungary,Nyugat-Dunántúl,HU22,Hungary
Uraiujfalu - Szennyviztisztito Telep,47.371647,16.997522,1305,5715.9,Hungary,Nyugat-Dunántúl,HU22,Hungary
Urkut - Szennyviztisztito Telep,47.087353,17.621176,2229,9763.02,Hungary,Közép-Dunántúl,HU21,Hungary
Vac - Szennyviztisztito Telep,47.761752,19.137778,116666,510997.08,Hungary,Pest,HU12,Hungary
Vacszentlaszlo - Szennyviztisztito Telep,47.55713,19.559387,7020,30747.6,Hungary,Pest,HU12,Hungary
Vagashuta - Szennyviztisztito Telep,48.424583,21.532905,98,429.24,Hungary,Észak-Magyarország,HU31,Hungary
Vaja - Szennyviztisztito Telep,47.991297,22.17759,4100,17958.0,Hungary,Észak-Alföld,HU32,Hungary
Valkonya - Szennyviztisztito Telep,46.498561,16.806335,120,525.6,Hungary,Nyugat-Dunántúl,HU22,Hungary
Vallus - Szennyviztisztito Telep,46.846658,17.299875,100,438.0,Hungary,Nyugat-Dunántúl,HU22,Hungary
Vamospercs - Szennyviztisztito Telep,47.557767,21.89335,7714,33787.32,Hungary,Észak-Alföld,HU32,Hungary
Varpalota - Szennyviztisztito Telep,47.198093,18.159138,30300,132714.0,Hungary,Közép-Dunántúl,HU21,Hungary
Varsad - Szennyviztisztito Telep,46.527408,18.516626,550,2409.0,Hungary,Dél-Dunántúl,HU23,Hungary
Varvolgy - Szennyviztisztito Telep,46.872329,17.26176,1350,5913.0,Hungary,Nyugat-Dunántúl,HU22,Hungary
Vasarosnameny-Gergelyiugornya - Szennyviztisztito Telep,48.1273,22.360112,1667,7301.46,Hungary,Észak-Alföld,HU32,Hungary
Vese - Szennyviztisztito Telep,46.406647,17.273029,1543,6758.34,Hungary,Dél-Dunántúl,HU23,Hungary
Vasarosnameny-Gergelyiugornya nelkul - Szennyviztisztito Telep,48.137999,22.306755,11039,48350.82,Hungary,Észak-Alföld,HU32,Hungary
Vasvar - Szennyviztisztito Telep,47.058888,16.789891,5790,25360.2,Hungary,Nyugat-Dunántúl,HU22,Hungary
Veresegyhaz - Szennyviztisztito Telep,47.631414,19.258636,40000,175200.0,Hungary,Pest,HU12,Hungary
Verpelet - Szennyviztisztito Telep,47.836183,20.221431,2292,10038.96,Hungary,Észak-Magyarország,HU31,Hungary
Verseg es Kartal - Szennyviztisztito Telep,47.714489,19.567738,7493,32819.34,Hungary,Pest,HU12,Hungary
Vertesacsa - Szennyviztisztito Telep,47.385121,18.571535,2850,12483.0,Hungary,Közép-Dunántúl,HU21,Hungary
Veszprem - Szennyviztisztito Telep,47.122758,17.913258,122373,535993.74,Hungary,Közép-Dunántúl,HU21,Hungary
Veszpremvarsany - Szennyviztisztito Telep,47.447126,17.819112,2067,9053.46,Hungary,Nyugat-Dunántúl,HU22,Hungary
Veszto - Szennyviztisztito Telep,46.932063,21.238526,10000,43800.0,Hungary,Dél-Alföld,HU33,Hungary
Villany - Szennyviztisztito Telep,45.872139,18.465425,15100,66138.0,Hungary,Dél-Dunántúl,HU23,Hungary
Visonta - Szennyviztisztito Telep,47.771196,20.0386,5000,21900.0,Hungary,Észak-Magyarország,HU31,Hungary
Zahony - Szennyviztisztito Telep,48.396373,22.15677,7000,30660.0,Hungary,Észak-Alföld,HU32,Hungary
Zalaapati - Szennyviztisztito Telep,46.722211,17.113534,1968,8619.84,Hungary,Nyugat-Dunántúl,HU22,Hungary
Zalacsany - Szennyviztisztito Telep,46.812852,17.106989,1000,4380.0,Hungary,Nyugat-Dunántúl,HU22,Hungary
Zalaegerszeg - Szennyviztisztito Telep,46.853346,16.857578,180000,788400.0,Hungary,Nyugat-Dunántúl,HU22,Hungary
Zalakaros - Szennyviztisztito Telep,46.546204,17.138196,13820,60531.6,Hungary,Nyugat-Dunántúl,HU22,Hungary
Zalakomar - Szennyviztisztito Telep,46.528801,17.168402,4500,19710.0,Hungary,Dél-Dunántúl,HU23,Hungary
"Zalalovo - (Irsapuszta, Szucsmajor nelkul) - Szennyviztisztito Telep",46.843298,16.611093,4772,20901.36,Hungary,Nyugat-Dunántúl,HU22,Hungary
Zalaszentgrot - Szennyviztisztito Telep,46.935753,17.07817,10750,47085.0,Hungary,Nyugat-Dunántúl,HU22,Hungary
Zalaszentmarton - Szennyviztisztito Telep,46.704099,17.068541,76,332.88,Hungary,Nyugat-Dunántúl,HU22,Hungary
Zamoly - Szennyviztisztito Telep,47.32528,18.411407,4590,20104.2,Hungary,Közép-Dunántúl,HU21,Hungary
Zebegeny - Szennyviztisztito Telep,47.794368,18.909649,1000,4380.0,Hungary,Pest,HU12,Hungary
Zirc - Szennyviztisztito Telep,47.276497,17.869591,8890,38938.2,Hungary,Közép-Dunántúl,HU21,Hungary
Zomba - Szennyviztisztito Telep,46.399101,18.573186,2200,9636.0,Hungary,Dél-Dunántúl,HU23,Hungary
Zsaka - Szennyviztisztito Telep,47.12302,21.441828,2970,13008.6,Hungary,Észak-Alföld,HU32,Hungary
Zsambek - Szennyviztisztito Telep,47.540191,18.731024,8000,35040.0,Hungary,Pest,HU12,Hungary
Zsana - Szennyviztisztito Telep,46.375708,19.66433,1200,5256.0,Hungary,Dél-Alföld,HU33,Hungary
Zsujta - Szennyviztisztito Telep,48.495536,21.282167,260,1138.8,Hungary,Észak-Magyarország,HU31,Hungary
COV Kechnec - Milhost,48.535203,21.269486,7200,31536.0,Hungary,Észak-Magyarország,HU31,Hungary
COV Kralovsky Chlmec,48.404102,21.972509,12752,55853.76,Hungary,Észak-Magyarország,HU31,Hungary
Heiligenbrunn,47.01243938,16.45185355,2500,10950.0,Hungary,Nyugat-Dunántúl,HU22,Hungary
Rechnitz,47.30154332,16.45340332,6000,26280.0,Hungary,Nyugat-Dunántúl,HU22,Hungary
Lutzmannsburg (Lutzmannsburg - Frankenau),47.45595797,16.66122331,9000,39420.0,Hungary,Nyugat-Dunántúl,HU22,Hungary
Andau,47.7786671,17.04913647,13500,59130.0,Hungary,Nyugat-Dunántúl,HU22,Hungary